baseId,name,shortName,county,country,lat,lon,validFrom,validTo
SN20952,STATFJORD C,Statfjord C,NORDSJØEN,Norge,61.2847,1.9025,1985-06-26T00:00:00.000Z,
SN55000,LUSTER - ORNES,Luster − Ornes,VESTLAND,Norge,61.299413,7.313199,1987-05-01T00:00:00.000Z,
SN12590,E6 MJØSBRUA,E6 Mjøsbrua,INNLANDET,Norge,60.92824,10.67016,2011-01-01T00:00:00.000Z,
SN65470,HEMNFJORDEN - FUGLØYA,Fugløya,TRØNDELAG,Norge,63.4759,9.1098,2026-02-12T00:00:00.000Z,
SN67650,FV30 REITSTØA,Fv30 Reitstøa,TRØNDELAG,Norge,62.96367,10.87183,2018-11-27T00:00:00.000Z,
SN68090,TRONDHEIM - GRANÅSEN,Granåsen,TRØNDELAG,Norge,63.3757259,10.3123892,2024-11-20T00:00:00.000Z,
SN57790,MYKLEBUSTFJELLET,Myklebustfjellet,VESTLAND,Norge,61.6788,5.2007,2014-10-31T00:00:00.000Z,
SN27860,KVELDE,Kvelde,VESTFOLD,Norge,59.2203,9.983,2006-04-26T00:00:00.000Z,
SN61065,E136 TRESFJORDBRUA,Tresfjordbrua,MØRE OG ROMSDAL,Norge,62.6112,7.1135,2016-04-12T00:00:00.000Z,
SN18700,OSLO - BLINDERN,Oslo (Blindern),OSLO,Norge,59.9423,10.72,1931-01-01T00:00:00.000Z,
SN87110,ANDØYA,Andøya LH,NORDLAND,Norge,69.3073,16.1312,1958-06-01T00:00:00.000Z,
SN40250,VALLE,Valle,AGDER,Norge,59.1971158,7.5273388,1872-01-01T00:00:00.000Z,
SN40905,RV9 BJÅEN,Rv9 Bjåen,AGDER,Norge,59.64067,7.45533,2013-07-24T00:00:00.000Z,
SN49240,RV13 LÅTEFOSS,Rv13 Låtefoss,VESTLAND,Norge,59.94867,6.58317,2011-01-01T00:00:00.000Z,
SN77295,SVENNINGDAL,Svenningdal,NORDLAND,Norge,65.4347,13.396,2024-09-30T00:00:00.000Z,
SN76963,KRISTINFELTET,Kristin,NORSKEHAVET,Norge,64.994,6.5513,2014-01-01T00:00:00.000Z,
SN80740,REIPÅ,Reipå,NORDLAND,Norge,66.9035,13.646,1995-07-01T00:00:00.000Z,
SN90295,SESSØYA,Sessøya,TROMS,Norge,69.75,18.25,2025-01-14T00:00:00.000Z,
SN490381002,300 KV SAUDA – BLÅFALLI-2,300 kV Sauda – Blåfalli-2,,Norge,59.66898,6.40633,2025-04-22T13:01:13.000Z,
SN20961,ALVHEIM,Alvheim,NORDSJØEN,Norge,59.5722,1.9917,2026-01-09T00:00:00.000Z,
SN26990,SANDE - GALLEBERG,Galleberg,VESTFOLD,Norge,59.6193334,10.2150378,1995-01-01T00:00:00.000Z,
SN71230,FV755 MELTINGEN,Fv755 Meltingen,TRØNDELAG,Norge,63.7905,10.73033,2014-09-11T00:00:00.000Z,
SN490387067,300 KV BLÅFALLI – MAURANGER-67,300 kV Blåfalli – Mauranger-67,,Norge,60.06502,6.04221,2025-04-22T13:01:12.000Z,
SN8840,BARKALD,Barkald,INNLANDET,Norge,61.992005,10.886351,2024-12-09T00:00:00.000Z,
SN60670,FV650 LIABYGDA,Fv650 Liabygda,MØRE OG ROMSDAL,Norge,62.3285,7.06633,2014-09-11T00:00:00.000Z,
SN63595,RV70 GRÅURA,Rv70 Gråura,TRØNDELAG,Norge,62.58183,9.21367,2014-09-11T00:00:00.000Z,
SN94198,E6 LEVDDON,E6 Levddon,FINNMARK,Norge,70.176402,23.891902,2025-12-10T00:00:00.000Z,
SN90250,E6 HEIA,E6 Heia,TROMS,Norge,69.14483,19.05033,2004-12-24T00:00:00.000Z,
SN76954,GJØAFELTET,Gjøafeltet,NORDSJØEN,Norge,61.3322,3.897,2010-11-07T00:00:00.000Z,
SN76927,OSEBERG A,Oseberg A,NORDSJØEN,Norge,60.4913,2.8257,1988-01-01T00:00:00.000Z,
SN76245,FV17 VÅG,Fv17 Våg,NORDLAND,Norge,65.27017,12.14567,2016-11-14T00:00:00.000Z,
SN55260,FV55 HERVAVATN,Fv55 Hervavatn,VESTLAND,Norge,61.54817,7.87017,2018-11-28T00:00:00.000Z,
SN83970,E6 KJERRINGSTRAUMEN BRU,E6 Kjerringstraumen bru,NORDLAND,Norge,68.296746,16.502687,2026-02-23T00:00:00.000Z,
SN19830,FV289 HURUM,Fv289 Hurum,AKERSHUS,Norge,59.548,10.49217,2016-11-14T00:00:00.000Z,
SN44485,E39 SØYLAND,E39 Søyland,ROGALAND,Norge,58.6833,5.9877,2013-06-11T00:00:00.000Z,
SN76999,SCARABEO 8,Scarabeo 8 ,KONTINENTALSOKKELEN,Norge,,,2014-10-29T00:00:00.000Z,
SN76936,SNORRE B,Snorre B,NORDSJØEN,Norge,61.525,2.2097,2001-01-01T00:00:00.000Z,
SN20925,WISTING,Wisting,BARENTSHAVET,Norge,73.5,24.13,2018-04-09T00:00:00.000Z,
SN26900,DRAMMEN - BERSKOG,Berskog,BUSKERUD,Norge,59.7538274,10.1206179,2004-09-20T00:00:00.000Z,
SN79215,E6 YTTERVIKA,E6 Yttervika,NORDLAND,Norge,66.2298,13.8728,2019-01-24T00:00:00.000Z,
SN61630,BJORLI,Bjorli,INNLANDET,Norge,62.2583,8.2,2010-02-22T00:00:00.000Z,
SN91551,BIRTAVARRE - HOLMEN,Holmen,TROMS,Norge,69.4802,20.8693,2018-04-04T00:00:00.000Z,
SN83710,DRAG - AJLUOKTA,Drag,NORDLAND,Norge,68.0484437,16.0828758,2007-07-02T00:00:00.000Z,
SN31700,FV37 JØNJILJO,Fv37 Jønjiljo,TELEMARK,Norge,59.87033,8.92667,2013-12-19T00:00:00.000Z,
SN46432,RØLDALSFJELLET - ELVERSHEI,Elvershei,VESTLAND,Norge,59.8357,6.7108,2014-03-05T00:00:00.000Z,
SN78910,FV17 FLOTT,Fv17 Flott,TRØNDELAG,Norge,64.69333,12.3295,2014-09-11T00:00:00.000Z,
SN8140,EVENSTAD,Evenstad,INNLANDET,Norge,61.4272678,11.0793677,2001-10-27T00:00:00.000Z,
SN76909,JOHAN CASTBERG,Johan Castberg,KONTINENTALSOKKELEN,Norge,72.48405,20.23393,2022-08-15T00:00:00.000Z,
SN85450,SVOLVÆR LUFTHAVN,Svolvær LH,NORDLAND,Norge,68.2415652,14.6654748,1972-06-01T00:00:00.000Z,
SN85890,RØST LUFTHAVN,Røst,NORDLAND,Norge,67.5267,12.1038,1986-07-01T00:00:00.000Z,
SN47060,E39 AKSDAL SØR,E39 Aksdal sør,ROGALAND,Norge,59.418,5.4485,2013-01-01T00:00:00.000Z,
SN23500,LØKEN I VOLBU,Løken i Volbu,INNLANDET,Norge,61.122,9.063,1924-01-01T00:00:00.000Z,
SN81790,E6 STØDI BRU,E6 Stødi bru,NORDLAND,Norge,66.5778505,15.3506767,2024-11-20T00:00:00.000Z,
SN91515,E6 NORDNES II,E6 Nordnes,TROMS,Norge,69.537578,20.377491,2021-12-14T00:00:00.000Z,
SN29870,RV7 LÆGREIDSTØLEN,Rv7 Lægreidstølen,BUSKERUD,Norge,60.455274,7.816255,2025-09-26T00:00:00.000Z,
SN72710,OVERHALLA - SKOGMO,Skogmo,TRØNDELAG,Norge,64.5103196,12.0190534,1991-01-02T00:00:00.000Z,
SN58705,RV15 STRYNEFJELL-KVITENOVA,Rv15 Strynefjell-Kvitenova,VESTLAND,Norge,61.98783,7.32883,2011-01-01T00:00:00.000Z,
SN98630,E75 KOMAGVÆR,E75 Komagvær,FINNMARK,Norge,70.2453,30.5303,2013-07-22T00:00:00.000Z,
SN47275,E134 KARMSUNDBRUA,E134 Karmsundbrua,ROGALAND,Norge,59.3755,5.29583,2012-01-01T00:00:00.000Z,
SN59800,SVINØY FYR,Svinøy fyr,MØRE OG ROMSDAL,Norge,62.3293,5.268,1955-06-01T00:00:00.000Z,
SN52452,E39 NORDHORDLANDSBRUA,E39 Nordhordlandsbru,VESTLAND,Norge,60.5225,5.267,2013-10-07T00:00:00.000Z,
SN23410,FAGERNES LUFTHAMN,Fagernes LH,INNLANDET,Norge,61.00279,9.3014123,1987-01-01T00:00:00.000Z,
SN12680,LILLEHAMMER - SÆTHERENGEN,Sæterengen,INNLANDET,Norge,61.0917,10.4762,1982-12-01T00:00:00.000Z,
SN64510,TINGVOLL,Tingvoll,MØRE OG ROMSDAL,Norge,62.9133,8.1862,1992-01-01T00:00:00.000Z,
SN94090,STOREKORSNES,Storekorsnes,FINNMARK,Norge,70.21672,23.22439,2025-11-18T00:00:00.000Z,
SN17650,E6 VESTBY,E6 Vestby,AKERSHUS,Norge,59.60017,10.7395,2012-01-01T00:00:00.000Z,
SN42810,TONSTAD - NETTFED,Tonstad − Nettfed,AGDER,Norge,58.6642,6.709,1971-11-20T00:00:00.000Z,
SN30330,GJERPEN - ÅRHUS,Gjerpen ,TELEMARK,Norge,59.2268,9.5772,2005-01-01T00:00:00.000Z,
SN93070,E6 STORVIKEIDET,E6 Storvikeidet,FINNMARK,Norge,69.9705892,23.1082096,2024-10-24T00:00:00.000Z,
SN3370,ØSAKER,Øsaker,ØSTFOLD,Norge,59.31933,11.04217,2005-01-01T00:00:00.000Z,
SN51010,FOSSMARK,Fossmark,VESTLAND,Norge,60.5205,5.7243,2012-06-14T00:00:00.000Z,
SN99090,E6 GANDVIKBAKKEN,E6 Gandvikbakken,FINNMARK,Norge,70.0278,29.1303,2018-01-23T00:00:00.000Z,
SN91590,GUOLAS,Guoláš,TROMS,Norge,69.36136,21.07468,2025-09-03T00:00:00.000Z,
SN71385,FV715 HOGSDALEN,Fv715 Hogsdalen,TRØNDELAG,Norge,63.6965,10.2425,2017-07-06T00:00:00.000Z,
SN4590,E16 ROMERIKSÅSEN,E16 Romeriksåsen,AKERSHUS,Norge,60.2755,10.7475,2011-01-01T00:00:00.000Z,
SN51800,MJØLFJELL UH,Mjølfjell,VESTLAND,Norge,60.70204,6.937327,1999-06-01T00:00:00.000Z,
SN57380,RV5 LUNDEBOTN,Rv5 Lundebotn,VESTLAND,Norge,61.51583,6.657,2014-12-01T00:00:00.000Z,
SN17895,E18 SVARTSKOG,E18 Svartskog,AKERSHUS,Norge,59.794,10.76,2011-07-06T00:00:00.000Z,
SN56420,FURENESET,Fureneset,VESTLAND,Norge,61.2928,5.0443,1972-08-14T00:00:00.000Z,
SN80707,GLOMFJORD - TVERRFJELLET,Tverrfjellet,NORDLAND,Norge,66.8303,13.9067,2014-09-08T00:00:00.000Z,
SN59695,ØRSTA - EITREFJELL,Eitrefjell ,MØRE OG ROMSDAL,Norge,62.16,6.2877,2014-12-04T00:00:00.000Z,
SN44640,STAVANGER - VÅLAND,Våland,ROGALAND,Norge,58.9563,5.7278,1882-01-01T00:00:00.000Z,
SN16271,HØVRINGEN II,Høvringen,INNLANDET,Norge,61.8883,9.4798,2013-09-26T00:00:00.000Z,
SN47260,HAUGESUND LUFTHAVN,Haugesund LH,ROGALAND,Norge,59.3445,5.2115,1975-04-01T00:00:00.000Z,
SN92765,HASVIK FERJEKAI,Hasvik Ferjekai,FINNMARK,Norge,70.48326,22.16174,2025-11-14T00:00:00.000Z,
SN61310,FV63 TROLLSTIGEN,Fv63 Trollstigen,MØRE OG ROMSDAL,Norge,62.4515,7.662,2020-09-16T00:00:00.000Z,
SN53280,E16 FLÅM,E16 Flåm,VESTLAND,Norge,60.861,7.1048,2013-06-11T00:00:00.000Z,
SN71780,ÅFJORD II,Åfjord,TRØNDELAG,Norge,63.9678,10.2237,2007-11-29T00:00:00.000Z,
SN65060,E39 VALSØYFJORDEN,E39 Valsøyfjorden,TRØNDELAG,Norge,63.1442,8.5602,2016-11-14T00:00:00.000Z,
SN29720,DAGALI LUFTHAVN,Dagali LH,BUSKERUD,Norge,60.4188,8.5263,2001-11-01T00:00:00.000Z,
SN94640,E69 NORDKAPP,E69 Nordkapp,FINNMARK,Norge,71.156516,25.779336,2014-12-01T00:00:00.000Z,
SN62270,MOLDE LUFTHAVN,Molde LH,MØRE OG ROMSDAL,Norge,62.7443,7.2617,1972-03-01T00:00:00.000Z,
SN50517,SOTRA - STYKKHAUGEN,Stykkhaugen,VESTLAND,Norge,60.317655,5.122896,2024-08-28T00:00:00.000Z,
SN54590,E16 HONING BRU,E16 Honing bru,VESTLAND,Norge,61.10217,8.01717,2014-12-01T00:00:00.000Z,
SN87795,TJELDSUNDET,Tjeldsundet,TROMS,Norge,68.5515,16.481,2024-01-22T00:00:00.000Z,
SN19923,E18 LIERSKOGEN,E18 Lierskogen,BUSKERUD,Norge,59.819,10.33,2008-01-14T00:00:00.000Z,
SN87660,RV83 SELJESTAD,Rv83 Seljestad,TROMS,Norge,68.7900028,16.538223,2024-10-16T00:00:00.000Z,
SN88010,E6 GRATANGSFJELLET,E6 Gratangsfjellet,TROMS,Norge,68.6753,17.9052,2017-11-24T00:00:00.000Z,
SN90630,FV863 GAMNES,Fv863 Gamnes,TROMS,Norge,69.903,19.47367,2011-01-01T00:00:00.000Z,
SN76966,OSEBERG ØST,Oseberg Øst,NORDSJØEN,Norge,60.7005,2.9352,1999-01-01T00:00:00.000Z,
SN6160,ÅSNES,Åsnes,INNLANDET,Norge,60.5492,12.0242,2011-04-29T00:00:00.000Z,
SN490381023,300 KV SAUDA – BLÅFALLI-23,300 kV Sauda – Blåfalli-23,,Norge,59.66459,6.27621,2025-04-25T09:01:14.000Z,
SN12180,ILSENG,Ilseng,INNLANDET,Norge,60.8028,11.2028,1959-06-01T00:00:00.000Z,
SN68290,SELBU II,Selbu,TRØNDELAG,Norge,63.2248,11.0075,2007-09-26T00:00:00.000Z,
SN497459020,ULVEN-FÅBERG-20,Ulven-Fåberg-20,,Norge,59.9483,10.8875,2024-10-28T12:57:44.000Z,
SN33300,HONNEGRASNUTEN,Honnegrasnuten,TELEMARK,Norge,59.7675,7.8173,2016-10-06T00:00:00.000Z,
SN60242,ÅKNESSKARET,Åknesskaret,MØRE OG ROMSDAL,Norge,62.1883,6.9869,2022-11-28T00:00:00.000Z,
SN66630,FV700 VOLL,Fv700 Voll,TRØNDELAG,Norge,62.87633,9.84133,2014-09-11T00:00:00.000Z,
SN77280,LAKSFORS,Laksfors,NORDLAND,Norge,65.6215,13.2892,2011-11-29T00:00:00.000Z,
SN76939,VALHALL A,Valhall A,NORDSJØEN,Norge,56.2781,3.3928,1982-01-01T00:00:00.000Z,
SN76957,TROLL B,Troll B,NORDSJØEN,Norge,60.7735,3.501,2000-01-01T00:00:00.000Z,
SN55290,SOGNEFJELLHYTTA,Sognefjellhytta,INNLANDET,Norge,61.5648,7.9957,1978-12-01T00:00:00.000Z,
SN50526,RV555 SOTRABRUA VIND,Rv555 Sotrabrua vind,VESTLAND,Norge,60.3725,5.1672,2016-11-16T00:00:00.000Z,
SN50508,STORE KONGSHAUGEN,Store Kongshaugen,VESTLAND,Norge,60.337542,5.210791,2024-08-28T00:00:00.000Z,
SN27450,MELSOM,Melsom,VESTFOLD,Norge,59.229738,10.345751,1959-04-01T00:00:00.000Z,
SN76930,NORNE,Norne,NORSKEHAVET,Norge,66.0256,8.085,1998-02-11T00:00:00.000Z,
SN98265,FV890 GEDNJE,Fv890 Gednje,FINNMARK,Norge,70.52917,29.09183,2013-07-22T00:00:00.000Z,
SN97251,KARASJOK - MARKANNJARGA,Karasjok,FINNMARK,Norge,69.4635,25.5023,2004-07-08T00:00:00.000Z,
SN92855,ARNNES,Arnnes,FINNMARK,Norge,70.15343,22.24812,2025-11-18T00:00:00.000Z,
SN85480,E10 GIMSØYSTRAUMEN BRU,E10 Gimsøystraumen,NORDLAND,Norge,68.26283,14.24983,2011-01-01T00:00:00.000Z,
SN97350,CUOVDDATMOHKKI,Čoavddatmohkki,FINNMARK,Norge,69.3696,24.4315,1955-01-01T00:00:00.000Z,
SN90480,E8 BREIVIKA,E8 Breivika,TROMS,Norge,69.67677,18.96923,2024-11-11T00:00:00.000Z,
SN73550,GARTLAND,Gartland,TRØNDELAG,Norge,64.531,12.3837,2007-12-15T00:00:00.000Z,
SN34810,TØRDAL - KLEPPE,Tørdal,TELEMARK,Norge,59.1708196,8.7342377,1895-07-01T00:00:00.000Z,
SN67270,E6 SOKNEDAL,E6 Soknedal,TRØNDELAG,Norge,62.983,10.23733,2012-01-01T00:00:00.000Z,
SN27130,FV310 KOTTERØD,Fv310 Kotterød,VESTFOLD,Norge,59.432,10.42167,2012-01-01T00:00:00.000Z,
SN96850,TANA BRU,Deanušaldi,FINNMARK,Norge,70.2122,28.159,2012-11-03T00:00:00.000Z,
SN54180,LJØSNE,Ljøsne,VESTLAND,Norge,61.0545,7.5625,2006-03-29T00:00:00.000Z,
SN29400,SANDHAUG,Sandhaug,VESTLAND,Norge,60.1833,7.4805,2008-10-04T00:00:00.000Z,
SN80880,SANDHORNØYA - VÅTVIKFJELLET,Våtvikfjellet,NORDLAND,Norge,67.094383,14.1679,2015-08-28T00:00:00.000Z,
SN70850,SNÅSA - KJEVLIA,Snåsa - Kjevlia,TRØNDELAG,Norge,64.1587,12.4692,1895-07-01T00:00:00.000Z,
SN91530,GAMANJUNNI,Gámanjunni ,TROMS,Norge,69.4818,20.5787,2016-08-27T00:00:00.000Z,
SN48070,E39 STORDABRUA,E39 Stordabrua,VESTLAND,Norge,59.7465,5.4025,2011-01-01T00:00:00.000Z,
SN19710,ASKER,Asker - Sem,AKERSHUS,Norge,59.8558,10.4358,1913-01-01T00:00:00.000Z,
SN69190,FV705 SELBUSKOGEN,Fv705 Selbuskogen,TRØNDELAG,Norge,63.338,11.08867,2013-12-19T00:00:00.000Z,
SN43010,EIK - HOVE,Eik - Hove,ROGALAND,Norge,58.5072,6.5046,1998-02-19T00:00:00.000Z,
SN89233,FV86 ANDSVATNET,Fv86 Andsvatnet,TROMS,Norge,69.09167,18.29717,2006-03-15T00:00:00.000Z,
SN15951,RV15 BREIDALEN II,Rv15 Breidalen II,INNLANDET,Norge,62.0108,7.3926,2021-10-18T00:00:00.000Z,
SN9303,E6 HJERKINN,E6 Hjerkinn,INNLANDET,Norge,62.23183,9.53167,2008-01-14T00:00:00.000Z,
SN3480,E18 MELLEBY,E18 Melleby,ØSTFOLD,Norge,59.546,11.4535,2010-01-21T00:00:00.000Z,
SN77390,E6 SEFRIVATNET,E6 Sefrivatnet,NORDLAND,Norge,65.25347,13.31519,2025-02-10T00:00:00.000Z,
SN77049,MS ASTERIX,M/S Asterix,,Norge,,,2024-12-12T00:00:00.000Z,
SN59680,ØRSTA-VOLDA LUFTHAMN,Ørsta-Volda LH,MØRE OG ROMSDAL,Norge,62.180413205637954,6.078056927162791,1971-06-01T00:00:00.000Z,
SN51991,MYRKDALEN - VETLEBOTN II,Vetlebotn II,VESTLAND,Norge,60.866,6.473,2019-10-23T00:00:00.000Z,
SN17853,ÅS NIBIO,Ås (NIBIO),AKERSHUS,Norge,59.6604556,10.7819975,2025-06-17T00:00:00.000Z,
SN92750,HASVIK LUFTHAVN,Hasvik LH,FINNMARK,Norge,70.4865,22.1457,1984-01-01T00:00:00.000Z,
SN87950,GRATANGEN - SKJÆRVIKA,Skjærvika,TROMS,Norge,68.732,17.2413,2023-01-20T00:00:00.000Z,
SN86290,GIMSØY - ÅRRSTRANDA,Årrstranda ,NORDLAND,Norge,68.3052,14.113,2014-09-17T00:00:00.000Z,
SN23550,BEITOSTØLEN II,Beitostølen,INNLANDET,Norge,61.2509419,8.9225701,2010-08-28T00:00:00.000Z,
SN53480,KLEVAVATNET,Klevavatnet,VESTLAND,Norge,60.7192,7.2085,2013-11-28T00:00:00.000Z,
SN66005,VALSET FERJEKAI,Valset ferjekai,TRØNDELAG,Norge,63.638828,9.687796,2024-11-05T00:00:00.000Z,
SN88650,SENJA - BOTNHAMN,Botnhamn,TROMS,Norge,69.5015,17.8708,2023-03-21T00:00:00.000Z,
SN32540,RV36 ULEFOSS,Rv36 Ulefoss,TELEMARK,Norge,59.27283,9.28017,2013-12-19T00:00:00.000Z,
SN47272,DUEHAMMAR,Duehammar,ROGALAND,Norge,59.297135,5.337831,2024-11-05T00:00:00.000Z,
SN52565,FONNES - DROGEFLUA,Drogeflua,VESTLAND,Norge,60.8154,4.95738,2024-11-13T00:00:00.000Z,
SN25165,RV52 HEMSEDALSFJELLET,Rv52 Hemsedalsfjellet,BUSKERUD,Norge,60.97567,8.15567,2011-01-01T00:00:00.000Z,
SN59850,E39 BJØRNDALSBRUA,E39 Bjørndalsbrua,MØRE OG ROMSDAL,Norge,62.275183,6.011491,2024-03-26T00:00:00.000Z,
SN32890,HØYDALSMO II,Høydalsmo,TELEMARK,Norge,59.4965232,8.1999004,2006-08-23T00:00:00.000Z,
SN69100,VÆRNES,Værnes,TRØNDELAG,Norge,63.4597,10.9305,1940-04-17T00:00:00.000Z,
SN27480,SANDEFJORD - NORDRE BERGAN,Nordre Bergan,VESTFOLD,Norge,59.1683,10.2752,2011-04-15T00:00:00.000Z,
SN490387091,300 KV BLÅFALLI – MAURANGER-91,300 kV Blåfalli – Mauranger-91,,Norge,60.10147,6.18484,2025-04-25T09:01:10.000Z,
SN19459,ØSTERÅS,Østerås,AKERSHUS,Norge,59.9478,10.6027,2023-09-27T00:00:00.000Z,
SN60810,LEBERGSFJELLET,Lebergsfjellet ,MØRE OG ROMSDAL,Norge,62.5158,6.8717,2013-11-13T00:00:00.000Z,
SN37600,FV355 VEUM,Fv355 Veum,TELEMARK,Norge,59.28417,8.0895,2016-11-14T00:00:00.000Z,
SN67560,KOTSØY,Kotsøy,TRØNDELAG,Norge,62.9763,10.5608,2007-11-27T00:00:00.000Z,
SN70960,E6 TJENNARÅSEN,E6 Tjennaråsen,TRØNDELAG,Norge,64.33333,12.341,2012-01-01T00:00:00.000Z,
SN29950,SVENNER FYR,Svenner fyr,VESTFOLD,Norge,58.9688,10.148,2000-12-01T00:00:00.000Z,
SN59530,FV61 KVILEHYTTA,Fv61 Kvilehytta,MØRE OG ROMSDAL,Norge,62.01633,5.538,2020-09-16T00:00:00.000Z,
SN34095,FV363 STOKKEBAKKEN,Fv363 Stokkebakken,TELEMARK,Norge,58.9817,9.6068,2013-10-11T00:00:00.000Z,
SN86921,ANDA FYR II,Anda fyr,NORDLAND,Norge,69.066442,15.17019,2024-08-28T00:00:00.000Z,
SN490391032,300 KV MAURANGER – SAMNANGER-32,300 kV Mauranger – Samnanger-32,,Norge,60.18794,6.24086,2025-04-25T09:01:12.000Z,
SN30246,FV2962 PAULER,FV2962 Pauler,VESTFOLD,Norge,59.0644161,9.9423322,2011-07-12T00:00:00.000Z,
SN67210,E6 HORG,E6 Horg,TRØNDELAG,Norge,63.13833,10.25483,2011-01-01T00:00:00.000Z,
SN94242,HAMMERFEST HAVN,Hammerfest havn,FINNMARK,Norge,70.6691,23.6651,2024-12-12T00:00:00.000Z,
SN32220,LIFJELL - ØYSTEINNATTEN,Lifjell ,TELEMARK,Norge,59.5022,8.9837,2013-11-21T00:00:00.000Z,
SN75410,NORDØYAN FYR,Nordøyan fyr,TRØNDELAG,Norge,64.7977,10.5493,1890-12-01T00:00:00.000Z,
SN79600,MO I RANA LUFTHAVN,Mo i Rana LH,NORDLAND,Norge,66.3643,14.3015,1968-07-01T00:00:00.000Z,
SN81780,E6 SEMSKA,E6 Semska,NORDLAND,Norge,66.6588,15.4068,2023-11-22T00:00:00.000Z,
SN82220,RV80 HUNSTAD,Rv80 Hunstad,NORDLAND,Norge,67.27833,14.51733,2013-10-07T00:00:00.000Z,
SN52505,MARØY,Marøy,VESTLAND,Norge,60.711874,4.868172,2024-08-28T00:00:00.000Z,
SN90770,HELGØYA - MJØNES,Mjønes,TROMS,Norge,70.1064,19.5837,2025-01-14T00:00:00.000Z,
SN49087,FOLGEFONNA SKISENTER TOPP,Folgefonna topp,VESTLAND,Norge,60.223533,6.40585,2014-06-27T00:00:00.000Z,
SN76460,BREMSTEIN FYR,Bremstein fyr,NORDLAND,Norge,65.5967,11.2863,2022-05-10T00:00:00.000Z,
SN27420,TJØME,Tjøme,VESTFOLD,Norge,59.1205,10.398,2016-06-20T00:00:00.000Z,
SN57000,FØRDE LH - BRINGELAND,Førde LH,VESTLAND,Norge,61.391,5.76,1987-01-01T00:00:00.000Z,
SN86598,STOKMARKNES LH - VEST,Stokmarknes LH V,NORDLAND,Norge,68.5813,15.0147,2017-06-09T00:00:00.000Z,
SN13110,E6 FÅBERG,E6 Fåberg,INNLANDET,Norge,61.16967,10.41067,2011-08-22T00:00:00.000Z,
SN98360,BÅTSFJORD - STRAUMSNESAKSLA,Båtsfjord,FINNMARK,Norge,70.6036315,29.6990634,1999-09-09T00:00:00.000Z,
SN77043,DEEPSEA NORDKAPP,Deepsea Nordkapp ,KONTINENTALSOKKELEN,Norge,,,2021-03-26T00:00:00.000Z,
SN28380,KONGSBERG BRANNSTASJON,Kongsberg,BUSKERUD,Norge,59.6247,9.6377,2003-02-17T00:00:00.000Z,
SN30255,PORSGRUNN - ÅS,Porsgrunn (Ås),TELEMARK,Norge,59.0872,9.6603,2013-07-02T00:00:00.000Z,
SN496228018,HAMANG-BÆRUM-18,Hamang-Bærum-18,,Norge,59.9198,10.5522,2024-10-28T12:57:43.000Z,
SN99670,JARFJORDEN - SKARVFJELL,Skarvfjell,FINNMARK,Norge,69.7315,30.4133,2025-01-14T00:00:00.000Z,
SN55430,JOSTEDALEN - MJØLVERSGRENDI,Mjølversgrendi,VESTLAND,Norge,61.6595,7.2762,1963-12-01T00:00:00.000Z,
SN30650,NOTODDEN LUFTHAVN,Notodden lh,TELEMARK,Norge,59.5666,9.2111,1970-03-05T00:00:00.000Z,
SN38150,E18 INNTJORHEIA,E18 Inntjorheia,AGDER,Norge,58.29683,8.462,2013-12-19T00:00:00.000Z,
SN91380,SKIBOTN II,Skibotn,TROMS,Norge,69.3875,20.2823,2004-11-01T00:00:00.000Z,
SN20960,IVAR AASEN,Ivar Aasen,NORDSJØEN,Norge,58.9258,2.2077,2025-11-27T00:00:00.000Z,
SN44610,KVITSØY - NORDBØ,Kvitsøy,ROGALAND,Norge,59.0705,5.4122,2005-04-26T00:00:00.000Z,
SN55735,RV5 FRUDALEN,Rv5 Frudalen,VESTLAND,Norge,61.34733,6.8745,2004-12-24T00:00:00.000Z,
SN64330,KRISTIANSUND LUFTHAVN,Kristiansund LH,MØRE OG ROMSDAL,Norge,63.1093,7.8158,1970-06-01T00:00:00.000Z,
SN24890,NESBYEN - TODOKK,Nesbyen,BUSKERUD,Norge,60.5669244,9.1323323,2003-11-17T00:00:00.000Z,
SN63630,TROLLHEIMEN - STORHORNET,Storhornet ,TRØNDELAG,Norge,62.6352,9.392,2015-10-06T00:00:00.000Z,
SN82130,RV80 NORDVIKA,Rv80 Nordvika,NORDLAND,Norge,67.33117,15.162,2012-01-01T00:00:00.000Z,
SN91685,VORTERØYSKAGEN,Vorterøyskagen,TROMS,Norge,69.9878,20.6642,2025-01-14T00:00:00.000Z,
SN20951,GULLFAKS B,Gullfaks B,NORDSJØEN,Norge,61.203,2.2013,1988-02-29T00:00:00.000Z,
SN40510,BLÅSJØ,Blåsjø,AGDER,Norge,59.3335,6.8817,2011-10-03T00:00:00.000Z,
SN59010,MÅLØY - KULEN,Måløy − Kulen,VESTLAND,Norge,61.9309,5.12764,2023-07-03T00:00:00.000Z,
SN91120,LYNGEN - GJERDELVDALEN,Lyngen,TROMS,Norge,69.5598,20.1518,2013-09-04T00:00:00.000Z,
SN61190,VEØYFJORDEN - SETERNESET,Seterneset,MØRE OG ROMSDAL,Norge,62.67312,7.31282,2025-11-18T00:00:00.000Z,
SN64590,FV65 ØVRE RINDAL,Fv65 Øvre Rindal,TRØNDELAG,Norge,63.097,9.43667,2014-12-01T00:00:00.000Z,
SN12960,SJUSJØEN - STORÅSEN,Sjusjøen,INNLANDET,Norge,61.1638,10.7088,1977-11-01T00:00:00.000Z,
SN50570,SKREDDERDALEN,Skredderdalen,VESTLAND,Norge,60.404,5.3358,2016-08-10T00:00:00.000Z,
SN64970,FV65 SURNADAL - NORDMARKA,Fv65 Surnadal Nordmarka,MØRE OG ROMSDAL,Norge,63.0075,8.66383,2019-01-24T00:00:00.000Z,
SN76965,OSEBERG C,Oseberg C ,NORDSJØEN,Norge,60.6083,2.7757,2014-01-01T00:00:00.000Z,
SN17850,ÅS,Ås,AKERSHUS,Norge,59.6605,10.7818,1874-01-01T00:00:00.000Z,
SN65930,BOGØYA,Bogøya,TRØNDELAG,Norge,63.8719,8.5509,2022-07-06T00:00:00.000Z,
SN77055,MS BARD,MS Bard,,Norge,,,2025-08-06T00:00:00.000Z,
SN90360,E8 SANDVIKEIDET,E8 Sandvikeidet,TROMS,Norge,69.54633,19.00867,2013-06-11T00:00:00.000Z,
SN29890,RV7 NEDRE BÅTSTJØRNE,Rv7 Nedre Båtstjørne,BUSKERUD,Norge,60.429977,7.748837,2025-12-02T00:00:00.000Z,
SN27010,KONNERUD,Konnerud ,BUSKERUD,Norge,59.713,10.146,2010-03-19T00:00:00.000Z,
SN65275,E39 HEMNEKJØLEN,E39 Hemnekjølen,TRØNDELAG,Norge,63.228,9.3853,2014-09-11T00:00:00.000Z,
SN76929,YME,Yme,NORDSJØEN,Norge,57.8188,4.5345,1996-05-01T00:00:00.000Z,
SN59210,RV 15 MÅLØYBRUA,Rv15 Måløybrua,VESTLAND,Norge,61.92917,5.12133,2018-11-27T00:00:00.000Z,
SN50310,KVAMSKOGEN - JONSHØGDI,Kvamskogen,VESTLAND,Norge,60.3889174,5.9636631,2006-08-01T00:00:00.000Z,
SN76938,ULA,Ula,NORDSJØEN,Norge,57.408,2.8458,1986-01-01T00:00:00.000Z,
SN91670,ULØYA - HOLTEN,Holten,TROMS,Norge,69.92,20.6,2025-01-14T00:00:00.000Z,
SN85040,ROTVÆR,Rotvær,NORDLAND,Norge,68.368,15.943,1938-06-03T00:00:00.000Z,
SN16845,E136 LORA,E136 Lora,INNLANDET,Norge,62.147,8.69033,2011-01-01T00:00:00.000Z,
SN51530,VOSSAVANGEN,Vossavangen,VESTLAND,Norge,60.6252,6.4265,2004-01-22T00:00:00.000Z,
SN58860,TROLLEDALSEGGA,Trolledalsegga ,VESTLAND,Norge,61.8902,6.1065,2015-10-02T00:00:00.000Z,
SN79253,E12 UMBUKTA,E12 Umbukta,NORDLAND,Norge,66.16567,14.58367,2006-03-15T00:00:00.000Z,
SN3190,SARPSBORG,Sarpsborg,ØSTFOLD,Norge,59.2850933,11.1127995,1896-07-01T00:00:00.000Z,
SN43895,FV44 KVASSHEIM,Fv44 Kvassheim,ROGALAND,Norge,58.5505,5.6815,2013-06-11T00:00:00.000Z,
SN65320,FV6200 VERJESKIFTBRUA,Fv6200 Verjeskiftbrua,MØRE OG ROMSDAL,Norge,63.478,7.99333,2023-05-03T00:00:00.000Z,
SN45770,HJELMELAND,Hjelmeland,ROGALAND,Norge,59.23,6.1498,2005-01-01T00:00:00.000Z,
SN59820,FV654 HERØYBRUA,Fv654 Herøybrua,MØRE OG ROMSDAL,Norge,62.3195,5.72083,2020-09-16T00:00:00.000Z,
SN17150,RYGGE,Rygge,ØSTFOLD,Norge,59.3742,10.798,1955-03-01T00:00:00.000Z,
SN73466,NORDLI - SANDVIKA,NORDLI,TRØNDELAG,Norge,64.4595,13.5978,2019-09-25T00:00:00.000Z,
SN55720,SKARDSBØFJELLET,Skardsbøfjellet,VESTLAND,Norge,61.2168,7.0183,2019-09-19T00:00:00.000Z,
SN84905,E10 BJØRNFJELL,E10 Bjørnfjell ,NORDLAND,Norge,68.436,18.1035,2014-12-01T00:00:00.000Z,
SN76750,SANDNESSJØEN LH - STOKKA,Sandnessjøen,NORDLAND,Norge,65.9635,12.4785,1968-07-01T00:00:00.000Z,
SN52535,FEDJE,Fedje,VESTLAND,Norge,60.7525,4.715,2004-08-23T00:00:00.000Z,
SN90800,TORSVÅG FYR,Torsvåg fyr,TROMS,Norge,70.2452,19.4997,1933-09-11T00:00:00.000Z,
SN86520,SORTLAND - KLEIVA,Kleiva,NORDLAND,Norge,68.6481059,15.2832298,1956-01-01T00:00:00.000Z,
SN39750,BYGLANDSFJORD - NESET,Byglandsfjord,AGDER,Norge,58.6863,7.803,2011-09-23T00:00:00.000Z,
SN76956,GOLIAT FPSO,Goliat ,BARENTSHAVET,Norge,71.3112,22.25,2015-09-09T00:00:00.000Z,
SN63705,OPPDAL - SÆTER,Oppdal,TRØNDELAG,Norge,62.6027,9.666,1999-12-01T00:00:00.000Z,
SN20954,DRAUPNER,Draupner,NORDSJØEN,Norge,58.1888,2.4728,1995-08-13T00:00:00.000Z,
SN77037,MS NORDBJØRN,NORDBJØRN,,Norge,,,2019-10-07T00:00:00.000Z,
SN27315,RAMNES - KILE VESTRE,Ramnes (Kile) ,VESTFOLD,Norge,59.3808,10.2397,2005-01-01T00:00:00.000Z,
SN496228003,HAMANG-BÆRUM-3,Hamang-Bærum-3,,Norge,59.8992,10.5067,2024-10-28T12:57:45.000Z,
SN490391008,300 KV MAURANGER – SAMNANGER-8,300 kV Mauranger – Samnanger-8,,Norge,60.12143,6.29289,2025-04-22T13:01:14.000Z,
SN77046,MS BILLEFJORD,MS Billefjord,,Norge,,,2024-11-15T00:00:00.000Z,
SN19940,LIER,Lier,BUSKERUD,Norge,59.7908,10.2598,2005-01-01T00:00:00.000Z,
SN33990,E134 HAUKELIFJELL,E134 Haukelifjell,VESTLAND,Norge,59.84983,7.08733,2013-07-24T00:00:00.000Z,
SN1135,FV884 PRESTEBAKKE,Fv884 Prestebakke,ØSTFOLD,Norge,58.99,11.54083,2013-10-07T00:00:00.000Z,
SN27055,E18 HANEKLEIVA,E18 Hanekleiva,VESTFOLD,Norge,59.58317,10.1755,2015-11-02T00:00:00.000Z,
SN90450,TROMSØ,Tromsø (Vervarslinga),TROMS,Norge,69.6537,18.9368,1895-08-01T00:00:00.000Z,
SN35210,GJERSTAD JERNBANESTASJON,Gjerstad,AGDER,Norge,58.87,9.0263,2012-01-04T00:00:00.000Z,
SN61408,E136 HORGHEIM,E136 Horgheim,MØRE OG ROMSDAL,Norge,62.48883,7.76117,2011-01-01T00:00:00.000Z,
SN91715,FV866 SKATTØRSUND,Fv866 Skattørsund,TROMS,Norge,70.00333,20.8985,2013-10-07T00:00:00.000Z,
SN91724,SKJERVØY SLAKTERI,Skjervøy Slakteri,TROMS,Norge,70.0355,20.99029,2025-11-18T00:00:00.000Z,
SN94810,NORDKAPP - LAFJORDEN,Lafjorden,FINNMARK,Norge,70.8926,25.55957,2025-11-18T00:00:00.000Z,
SN46425,E134 RØLDALSTUNNELEN AUST,E134 Røldalstunnel,VESTLAND,Norge,59.8228,6.7383,2015-11-03T00:00:00.000Z,
SN77001,G.O. SARS,G. O. Sars,,Norge,,,1950-02-14T00:00:00.000Z,
SN85560,LEKNES LUFTHAVN,Leknes LH,NORDLAND,Norge,68.1557873,13.61214,1972-06-01T00:00:00.000Z,
SN77405,E6 HANSMYRAN,E6 Hansmyran,NORDLAND,Norge,65.20217,13.37935,2025-02-03T00:00:00.000Z,
SN48330,SLÅTTERØY FYR,Slåtterøy fyr,VESTLAND,Norge,59.907,5.0668,1923-07-01T00:00:00.000Z,
SN91251,MANNDALEN - VADDJA,Váddjá,TROMS,Norge,69.4722,20.5268,2018-04-04T00:00:00.000Z,
SN60980,FV5957 GISKEBRUA,Fv5957 Giskebrua,MØRE OG ROMSDAL,Norge,62.50817,6.07617,2017-11-27T00:00:00.000Z,
SN5660,ROVERUD,Roverud,INNLANDET,Norge,60.2537,12.0913,1991-01-01T00:00:00.000Z,
SN47890,OPSTVEIT,Opstveit,VESTLAND,Norge,59.8578,6.017,1978-07-26T00:00:00.000Z,
SN61070,E39 ØRSKOGFJELL,E39 Ørskogfjell,MØRE OG ROMSDAL,Norge,62.5325,6.949,2011-01-01T00:00:00.000Z,
SN20930,POLARSTERN,Polarstern,,Norge,,,1982-12-09T00:00:00.000Z,
SN38730,HYNNEKLEIV,Hynnekleiv,AGDER,Norge,58.6007,8.4167,2012-01-04T00:00:00.000Z,
SN82970,E6 KRÅKMOFJELLET,E6 Kråkmofjellet,NORDLAND,Norge,67.74633,15.91417,2011-01-01T00:00:00.000Z,
SN97020,E75 ROAVVEGIEDDI,E75 Roavvegieddi,FINNMARK,Norge,69.916538,27.039387,2026-01-08T00:00:00.000Z,
SN12550,KISE PÅ HEDMARK,Kise på Hedmark,INNLANDET,Norge,60.7733,10.8055,1951-04-01T00:00:00.000Z,
SN1120,FV220 ENNINGDALEN,Fv220 Enningdalen,ØSTFOLD,Norge,58.907349,11.520893,2026-01-08T00:00:00.000Z,
SN49855,RV7 KROSSDALEN,Rv7 Krossdalen,VESTLAND,Norge,60.381789,7.438096,2025-10-17T00:00:00.000Z,
SN18265,E6 DJUPDALEN,E6 Djupdalen,AKERSHUS,Norge,59.962,10.975,2015-11-04T00:00:00.000Z,
SN490387090,300 KV BLÅFALLI – MAURANGER-90,300 kV Blåfalli – Mauranger-90,,Norge,60.10106,6.18361,2025-04-25T09:01:15.000Z,
SN76968,VISUNDFELTET,Visund,NORDSJØEN,Norge,61.3648,2.4327,1999-04-21T00:00:00.000Z,
SN85545,LEKNES NORD,Leknes nord,NORDLAND,Norge,68.15,13.6,2017-02-16T00:00:00.000Z,
SN490381016,300 KV SAUDA – BLÅFALLI-16,300 kV Sauda – Blåfalli-16,,Norge,59.65853,6.30873,2025-04-25T09:01:09.000Z,
SN26950,SVELVIK - KNEM,Svelvik - Knem,BUSKERUD,Norge,59.6027,10.4047,2005-01-01T00:00:00.000Z,
SN67153,E39 ØYSAND,E39 Øysand,TRØNDELAG,Norge,63.3237,10.2438,2013-12-19T00:00:00.000Z,
SN490391020,300 KV MAURANGER – SAMNANGER-20,300 kV Mauranger – Samnanger-20,,Norge,60.14765,6.24352,2025-04-22T13:01:11.000Z,
SN76950,WEST VENTURE,West Venture,KONTINENTALSOKKELEN,Norge,,,1982-05-25T00:00:00.000Z,
SN1380,RV22 GAUTESTAD,Rv22 Gautestad,ØSTFOLD,Norge,59.376,11.30267,2010-01-21T00:00:00.000Z,
SN66175,FV65 BYE,Fv65 Bye,TRØNDELAG,Norge,63.23067,9.76283,2012-01-01T00:00:00.000Z,
SN13160,KVITFJELL,Kvitfjell,INNLANDET,Norge,61.46474255,10.12662056,1992-09-16T00:00:00.000Z,
SN76959,BRAGE,Brage ,NORDSJØEN,Norge,60.5425,3.0468,2014-04-24T00:00:00.000Z,
SN80700,GLOMFJORD,Glomfjord,NORDLAND,Norge,66.8102,13.9793,1916-01-01T00:00:00.000Z,
SN92875,ØKSFJORD FERJEKAI,Øksfjord ferjekai,FINNMARK,Norge,70.2333,22.3579,2022-11-09T00:00:00.000Z,
SN77040,AASTA HANSTEEN,Aasta Hansteen,NORSKEHAVET,Norge,67.0672,7.0947,2018-11-08T00:00:00.000Z,
SN79220,SKAMDAL,Skamdal,NORDLAND,Norge,66.2348,13.904,2011-08-30T00:00:00.000Z,
SN93611,RASSEGALVARRI,Rássegálvárri,FINNMARK,Norge,69.2187,23.4403,2023-10-05T00:00:00.000Z,
SN490391002,300 KV MAURANGER – SAMNANGER-2,300 kV Mauranger – Samnanger-2,,Norge,60.12927,6.32553,2025-04-22T13:01:04.000Z,
SN490381079,300 KV SAUDA – BLÅFALLI-79,300 kV Sauda – Blåfalli-79,,Norge,59.80006,6.0859,2025-04-22T13:01:07.000Z,
SN31400,FYRIEGG,Fyriegg,TELEMARK,Norge,59.8655,8.6978,2016-12-21T00:00:00.000Z,
SN36200,TORUNGEN FYR,Torungen fyr,AGDER,Norge,58.3988,8.7893,1867-07-01T00:00:00.000Z,
SN3731,E18 SMAALENENE VIND,E18 Smaalenene vind,ØSTFOLD,Norge,59.5928,11.0917,2014-09-11T00:00:00.000Z,
SN94185,SNEFJORDEN - PETTERNES,Petternes,FINNMARK,Norge,70.81927,24.58081,2025-11-18T00:00:00.000Z,
SN84630,NARVIK - FAGERNESFJELLET,Fagernesfjellet,NORDLAND,Norge,68.421,17.4802,1979-01-01T00:00:00.000Z,
SN58100,SANDANE LUFTHAMN,Sandane LH,VESTLAND,Norge,61.8293,6.1043,1975-06-01T00:00:00.000Z,
SN86810,FV7656 BØ,Fv7656 Bø,NORDLAND,Norge,68.781,14.48983,2016-04-19T00:00:00.000Z,
SN17090,E6 KARLSHUS,E6 Karlshus,ØSTFOLD,Norge,59.35033,10.897,2010-01-21T00:00:00.000Z,
SN76914,ITASMOBAWS1,Søråsjordet V,AKERSHUS,Norge,59.660088,10.7821181,2019-10-09T00:00:00.000Z,
SN76923,GULLFAKS C,Gullfaks C,NORDSJØEN,Norge,61.2144,2.2721,1989-11-01T00:00:00.000Z,
SN50815,E39 VÅGSBOTN,E39 Vågsbotn,VESTLAND,Norge,60.4768,5.348,2015-11-03T00:00:00.000Z,
SN98976,TORVHAUGDALEN,Levnjevárjohka ,FINNMARK,Norge,70.306,29.1003,2018-10-06T00:00:00.000Z,
SN19665,E16 SKARET,E16 Skaret,BUSKERUD,Norge,59.977221,10.324268,2025-12-16T00:00:00.000Z,
SN4260,SKEDSMO - HELLERUD,Skjetten,AKERSHUS,Norge,59.9775,10.9777,1972-10-01T00:00:00.000Z,
SN51470,BULKEN,Bulken,VESTLAND,Norge,60.6455,6.222,1895-01-01T00:00:00.000Z,
SN61025,FV659 LEPSØYBRUA,Fv659 Lepsøybrua,MØRE OG ROMSDAL,Norge,62.59467,6.25367,2021-12-17T00:00:00.000Z,
SN16040,OTTA - SKANSEN,Otta,INNLANDET,Norge,61.7782,9.5413,2014-12-06T00:00:00.000Z,
SN94230,ROGNSUNDET,Rognsundet,FINNMARK,Norge,70.4107,22.8177,2010-07-16T00:00:00.000Z,
SN78170,E6 OSEN,E6 Osen,NORDLAND,Norge,66.053,13.58217,2012-01-01T00:00:00.000Z,
SN66740,E6 ULSBERG,E6 Ulsberg,TRØNDELAG,Norge,62.7509,9.9839,2014-09-11T00:00:00.000Z,
SN61420,MARSTEIN,Marstein,MØRE OG ROMSDAL,Norge,62.4458,7.8355,2010-02-22T00:00:00.000Z,
SN43530,E39 SAGLANDSBAKKEN,E39 Saglandsbakken,ROGALAND,Norge,58.56033,6.07617,2013-06-11T00:00:00.000Z,
SN17000,STRØMTANGEN FYR,Strømtangen,ØSTFOLD,Norge,59.15154567,10.82829919,1994-05-09T00:00:00.000Z,
SN17380,RYGGE - HUGGENES,Huggenes,ØSTFOLD,Norge,59.398,10.7543,2005-01-01T00:00:00.000Z,
SN65460,STORSKOGØYA,Storskogøya,TRØNDELAG,Norge,63.50651,9.19136,2025-11-18T00:00:00.000Z,
SN44080,OBRESTAD FYR,Obrestad fyr,ROGALAND,Norge,58.6585044,5.5545609,1919-08-20T00:00:00.000Z,
SN64760,SURNADAL - SYLTE,Sylte,MØRE OG ROMSDAL,Norge,62.9853,8.6895,2005-01-01T00:00:00.000Z,
SN98790,VADSØ LUFTHAVN,Vadsø LH,FINNMARK,Norge,70.0653,29.8352,1974-08-01T00:00:00.000Z,
SN12320,HAMAR - STAVSBERG,Hamar − Stavsberg,INNLANDET,Norge,60.818,11.0697,1956-05-18T00:00:00.000Z,
SN497459330,ULVEN-FÅBERG-330,Ulven-Fåberg-330,,Norge,60.6147,10.6556,2024-10-28T12:57:37.000Z,
SN53680,FLÅM - JOASETBERGI,Joasetbergi,VESTLAND,Norge,60.8625,7.1603,2017-09-18T00:00:00.000Z,
SN18690,E18 HJORTNES,E18 Hjortnes,OSLO,Norge,59.91117,10.70433,2011-01-01T00:00:00.000Z,
SN24710,GULSVIK II,Gulsvik,BUSKERUD,Norge,60.383,9.605,1922-12-01T00:00:00.000Z,
SN94430,FV889 SELVIKHØYDEN,Fv889 Selvikhøyden,FINNMARK,Norge,70.93517,24.67133,2015-11-02T00:00:00.000Z,
SN60247,FV60 KJELLSTADLIA,Fv60 Kjellstadlia,MØRE OG ROMSDAL,Norge,62.028,6.72883,2014-12-01T00:00:00.000Z,
SN12580,E6 RUDSHØGDA,E6 Rudshøgda,INNLANDET,Norge,60.91533,10.7955,2011-01-01T00:00:00.000Z,
SN46610,SAUDA,Sauda,ROGALAND,Norge,59.6479,6.3499,1928-03-01T00:00:00.000Z,
SN87970,E6 ØSE,E6 Øse,TROMS,Norge,68.62067,17.65133,2011-01-01T00:00:00.000Z,
SN81340,FV812 HOGNDALEN,Fv812 Hogndalen,NORDLAND,Norge,67.20367,14.81867,2014-12-01T00:00:00.000Z,
SN61010,FV659 REMEFJELL,FV659 Remefjell,MØRE OG ROMSDAL,Norge,62.540597,6.479502,2025-02-10T00:00:00.000Z,
SN25580,RV7 KVISLA,Rv7 Kvisla,BUSKERUD,Norge,60.5825,8.32133,2011-01-01T00:00:00.000Z,
SN76926,SLEIPNER A,Sleipner A,NORDSJØEN,Norge,58.3711,1.9091,1993-10-01T00:00:00.000Z,
SN490381001,300 KV SAUDA – BLÅFALLI-1,300 kV Sauda – Blåfalli-1,,Norge,59.66881,6.40926,2025-04-22T13:01:05.000Z,
SN90680,DÅVØYA - KARANESSUNDET,Karanessundet,TROMS,Norge,70.066,19.3473,2025-01-14T00:00:00.000Z,
SN65370,SMØLA - MOLDSTAD,Smøla,MØRE OG ROMSDAL,Norge,63.4197,8.063,1963-10-01T00:00:00.000Z,
SN80102,SOLVÆR III,Solvær,NORDLAND,Norge,66.3705,12.611,2007-11-01T00:00:00.000Z,
SN47220,FV547 FERKINGSTAD,Fv547 Ferkingstad,ROGALAND,Norge,59.1895,5.18367,2013-06-10T00:00:00.000Z,
SN41810,E39 HERDALEN,E39 Herdalen,AGDER,Norge,58.156543,7.135861,2025-09-17T00:00:00.000Z,
SN4200,KJELLER,Kjeller,AKERSHUS,Norge,59.9708,11.0383,1923-03-22T00:00:00.000Z,
SN60310,FV63 KORSMYRA,Fv63 Korsmyra,MØRE OG ROMSDAL,Norge,62.132244,7.181096,2015-11-04T00:00:00.000Z,
SN42160,LISTA FYR,Lista fyr,AGDER,Norge,58.109,6.5675,1867-07-01T00:00:00.000Z,
SN27500,FÆRDER FYR,Færder fyr,VESTFOLD,Norge,59.0272,10.5242,1885-01-01T00:00:00.000Z,
SN34130,JOMFRULAND,Jomfruland,TELEMARK,Norge,58.8565,9.5745,1994-08-24T00:00:00.000Z,
SN68860,TRONDHEIM - VOLL,Trondheim − Voll,TRØNDELAG,Norge,63.4107,10.4538,1923-01-01T00:00:00.000Z,
SN80730,FV17 TORSVIKA,Fv17 Torsvika,NORDLAND,Norge,66.8815,13.6675,2012-01-01T00:00:00.000Z,
SN90635,HESSFJORDEN - FUTNES,Futnes,TROMS,Norge,69.95,19.59,2025-01-14T00:00:00.000Z,
SN27285,E18 TVEITEN,E18 Tveiten,VESTFOLD,Norge,59.33085,10.379,2012-01-01T00:00:00.000Z,
SN60947,E136 ÅLESUND,E136 Ålesund,MØRE OG ROMSDAL,Norge,62.47017,6.20383,2012-01-01T00:00:00.000Z,
SN49490,ULLENSVANG FORSØKSGARD,Ullensvang,VESTLAND,Norge,60.3185,6.6538,1865-01-01T00:00:00.000Z,
SN490387066,300 KV BLÅFALLI – MAURANGER-66,300 kV Blåfalli – Mauranger-66,,Norge,60.06356,6.03921,2025-04-22T13:01:11.000Z,
SN77285,GRANE NIBIO,Grane,NORDLAND,Norge,65.55085,13.39634,2024-03-20T00:00:00.000Z,
SN61880,FV62 TJELLEKLEIVA,Fv62 Tjellekleiva,MØRE OG ROMSDAL,Norge,62.77267,7.88933,2023-11-03T00:00:00.000Z,
SN62230,E39 HJELLSET,E39 Hjellset,MØRE OG ROMSDAL,Norge,62.7770207,7.4546191,2024-08-21T00:00:00.000Z,
SN90285,SØRE ANGSTAURSUNDET,Søre Angstaursundet,TROMS,Norge,69.66217,18.17845,2025-11-18T00:00:00.000Z,
SN76962,HULDRAFELTET,Huldra ,NORDSJØEN,Norge,60.8558,2.6503,2014-06-12T00:00:00.000Z,
SN50540,BERGEN - FLORIDA,Bergen,VESTLAND,Norge,60.383,5.3327,1949-11-28T00:00:00.000Z,
SN76935,SNORRE A,Snorre A,NORDSJØEN,Norge,61.4489,2.1425,1992-01-01T00:00:00.000Z,
SN18950,TRYVANNSHØGDA,Tryvannshøgda,OSLO,Norge,59.9847986,10.6692319,1927-08-01T00:00:00.000Z,
SN65451,HITRA - SANDSTAD II,Hitra,TRØNDELAG,Norge,63.5187,9.1125,2012-09-19T00:00:00.000Z,
SN57789,FV614 GRYTADALEN,Fv614 Grytadalen,VESTLAND,Norge,61.66733,5.19483,2015-11-02T00:00:00.000Z,
SN44780,FV4496 TENGESDAL,Fv4496 Tengesdal,ROGALAND,Norge,58.86417,5.96217,2013-06-11T00:00:00.000Z,
SN83960,E6 SKJELLESVIKSKARET,E6 Skjellesvikskar,NORDLAND,Norge,68.2565,16.3953,2014-12-01T00:00:00.000Z,
SN92860,ØKSFJORD - DEALLJA,Dealljá,FINNMARK,Norge,70.1728,22.3413,2013-11-05T00:00:00.000Z,
SN77150,MIDDAGSEIDKLUMPEN,Middagseidklumpen,NORDLAND,Norge,65.835,13.076,2023-11-24T00:00:00.000Z,
SN490381022,300 KV SAUDA – BLÅFALLI-22,300 kV Sauda – Blåfalli-22,,Norge,59.66324,6.2812,2025-04-22T13:01:13.000Z,
SN38350,OGGEVATN,Oggevatn,AGDER,Norge,58.4447,8.11245,1958-08-01T00:00:00.000Z,
SN91508,KÅFJORD - SANDNESET,Gourtesjouka,TROMS,Norge,69.578,20.51,2025-11-18T00:00:00.000Z,
SN13390,E6 FRYA,E6 Frya,INNLANDET,Norge,61.5465,10.0747,2014-09-11T00:00:00.000Z,
SN52570,VIKINGNESET,Vikingneset,VESTLAND,Norge,60.854799,4.931659,2024-11-05T00:00:00.000Z,
SN88628,FV862 SENJAHOPEN,Fv862 Senjahopen,TROMS,Norge,69.49883,17.511,2014-09-11T00:00:00.000Z,
SN48120,STORD LUFTHAVN,Stord LH,VESTLAND,Norge,59.7933,5.3407,1985-01-01T00:00:00.000Z,
SN78050,E6 MJÅVATN,E6 Mjåvatn,NORDLAND,Norge,65.9563,13.4205,2023-10-11T00:00:00.000Z,
SN28750,FLESBERG,Flesberg,BUSKERUD,Norge,59.8685,9.3995,2008-02-21T00:00:00.000Z,
SN79764,HJARTÅSEN,Dunderlandsdalen,NORDLAND,Norge,66.4993,14.954,2009-02-04T00:00:00.000Z,
SN16620,E6 AVSJØEN,E6 Avsjøen,INNLANDET,Norge,62.18067,9.47517,2012-01-01T00:00:00.000Z,
SN69150,KVITHAMAR,Kvithamar,TRØNDELAG,Norge,63.488132,10.8796051,1987-05-12T00:00:00.000Z,
SN85380,SKROVA FYR,Skrova fyr,NORDLAND,Norge,68.1535,14.6485,1933-05-01T00:00:00.000Z,
SN76920,EKOFISK,Ekofisk,NORDSJØEN,Norge,56.5433,3.2243,1980-01-01T00:00:00.000Z,
SN9380,SNØHEIM,Snøheim,INNLANDET,Norge,62.2958,9.352,2014-10-07T00:00:00.000Z,
SN53010,RV13 VIKAFJELL,Rv13 Vikafjell,VESTLAND,Norge,60.96883,6.5009,2013-06-11T00:00:00.000Z,
SN92845,DAVATLUFT,Davatluft,FINNMARK,Norge,70.24555,22.87642,2025-11-18T00:00:00.000Z,
SN91490,E8 BOSSOVARRI,E8 Bossovárri,TROMS,Norge,69.1185,20.7455,2018-01-23T00:00:00.000Z,
SN16611,E6 FOKSTUGU,E6 Fokstugu,INNLANDET,Norge,62.11196,9.28497,2011-01-01T00:00:00.000Z,
SN1960,E18 ØRJE VEST,E18 Ørje vest,ØSTFOLD,Norge,59.51,11.61067,2010-01-21T00:00:00.000Z,
SN58070,SANDANE,Sandane,VESTLAND,Norge,61.7873,6.1835,1957-06-01T00:00:00.000Z,
SN51440,EVANGER,Evanger,VESTLAND,Norge,60.647,6.1105,2010-12-13T00:00:00.000Z,
SN84770,E6 HÅLOGALANDSBRUA,E6 Hålogalandsbrua,NORDLAND,Norge,68.4683,17.482,2019-04-12T00:00:00.000Z,
SN65310,VEIHOLMEN,Veiholmen,MØRE OG ROMSDAL,Norge,63.5176,7.9482,2002-07-01T00:00:00.000Z,
SN94020,ALTA - BJØRNFJELLET,Bjørnfjellet,FINNMARK,Norge,70.0418,23.5394,2025-01-30T00:00:00.000Z,
SN87740,RV83 BLOMJOTEN,Rv83 Blomjoten,TROMS,Norge,68.70617,16.52117,2023-11-20T00:00:00.000Z,
SN40880,HOVDEN - LUNDANE,Hovden,AGDER,Norge,59.5765946,7.3896454,1994-11-01T00:00:00.000Z,
SN53530,MIDTSTOVA,Midtstova,VESTLAND,Norge,60.6563,7.2755,2011-11-22T00:00:00.000Z,
SN79791,E6 SALTFJELLET,E6 Saltfjellet,NORDLAND,Norge,66.55483,15.3235,2011-01-01T00:00:00.000Z,
SN59586,FV61 HAREIDSDALEN,Fv61 Hareidsdalen,MØRE OG ROMSDAL,Norge,62.34683,5.91433,2013-07-22T00:00:00.000Z,
SN65920,MAUSUND,Mausund,TRØNDELAG,Norge,63.8692,8.6615,2022-07-06T00:00:00.000Z,
SN94630,SARNES,Sarnes,FINNMARK,Norge,70.98109,25.75056,2025-11-18T00:00:00.000Z,
SN51610,E16 VOSS NORD,E16 Voss nord,VESTLAND,Norge,60.64383,6.4355,2014-09-11T00:00:00.000Z,
SN80320,KILBOGHAMN,Kilboghamn,NORDLAND,Norge,66.4896,13.2281,2023-01-26T00:00:00.000Z,
SN21680,VEST-TORPA II,Vest-Torpa,INNLANDET,Norge,60.9345,10.0358,1986-08-01T00:00:00.000Z,
SN62260,FV64 ÅRØDALEN,Fv64 Årødalen,MØRE OG ROMSDAL,Norge,62.76578,7.276205,2025-09-04T00:00:00.000Z,
SN60860,E39 SOLAVÅGEN FERJEKAI,E39 Solavågen ferjekai,MØRE OG ROMSDAL,Norge,62.4135,6.32717,2021-12-15T00:00:00.000Z,
SN32240,BØ,Bø,TELEMARK,Norge,59.4175,9.0287,2005-01-01T00:00:00.000Z,
SN22990,E16 KALPLASSEN,E16 Kalplassen,INNLANDET,Norge,60.9532,9.3343,2014-09-11T00:00:00.000Z,
SN34115,E18 SPRANGFOSS BRU,E18 Sprangfoss bru,TELEMARK,Norge,58.9675,9.4837,2020-09-16T00:00:00.000Z,
SN94280,HAMMERFEST LUFTHAVN,Hammerfest,FINNMARK,Norge,70.6807,23.6772,1974-08-01T00:00:00.000Z,
SN94720,HONNINGSVÅG SKOLE,Honningsvåg Skole,FINNMARK,Norge,70.9786,25.9696,2024-12-12T00:00:00.000Z,
SN90270,KLOKKARELVOSEN,Klokkarelvosen,TROMS,Norge,69.70997,18.36352,2025-11-18T00:00:00.000Z,
SN90620,RINGVASSØYA - STRANDMO,Strandmo,TROMS,Norge,69.88,19.44,2025-11-18T00:00:00.000Z,
SN15050,RV15 LOM,Rv15 Lom,INNLANDET,Norge,61.84117,8.5845,2015-11-05T00:00:00.000Z,
SN5495,RV2 SIGERNESSJØEN,Rv2 Sigernessjøen,INNLANDET,Norge,60.102,12.063,2011-01-01T00:00:00.000Z,
SN25110,HEMSEDAL II,Hemsedal,BUSKERUD,Norge,60.8548588,8.5929429,2005-11-14T00:00:00.000Z,
SN4780,GARDERMOEN,Gardermoen,AKERSHUS,Norge,60.2065,11.0802,1940-05-13T00:00:00.000Z,
SN68238,E6 HEIMDAL,E6 Heimdal,TRØNDELAG,Norge,63.34835,10.3706,2011-01-01T00:00:00.000Z,
SN93000,HASVIK - SLUSKFJELLET,Hasvik,FINNMARK,Norge,70.607,22.4428,2008-07-03T00:00:00.000Z,
SN52860,TAKLE,Takle,VESTLAND,Norge,61.0272,5.3813,1950-06-01T00:00:00.000Z,
SN10800,SØLENDET,Sølendet,TRØNDELAG,Norge,62.6793,11.8153,2007-10-01T00:00:00.000Z,
SN69090,PARKENFTVAERNESAUTO,,,Norge,0.0,0.0,2011-09-29T00:00:00.000Z,
SN94220,KÅRHAMNFJELLET,Kårhamnfjellet,FINNMARK,Norge,70.5426,23.1689,2025-11-18T00:00:00.000Z,
SN81310,FV17 ÅSELIBRUA,Fv17 Åselibrua,NORDLAND,Norge,67.19783,14.6315,2020-09-16T00:00:00.000Z,
SN61410,MANNEN,Mannen,MØRE OG ROMSDAL,Norge,62.4555,7.7703,2010-03-12T00:00:00.000Z,
SN41825,LYNGDAL,Lyngdal,AGDER,Norge,58.134,7.0452,2005-01-01T00:00:00.000Z,
SN49720,TUSSAFOTEN,Tussafoten,VESTLAND,Norge,60.439,7.156,2022-11-28T00:00:00.000Z,
SN93700,KAUTOKEINO,Guovdageaidnu,FINNMARK,Norge,68.9964,23.0349,1868-01-01T00:00:00.000Z,
SN80870,FV7438 SANDHORNØYA,Fv7438 Sandhornøya,NORDLAND,Norge,67.08367,14.2075,2015-11-02T00:00:00.000Z,
SN6700,RV3 SVINGEN,Rv3 Svingen,INNLANDET,Norge,60.95733,11.49017,2012-01-01T00:00:00.000Z,
SN27730,E18 FOKSERØD,E18 Fokserød,VESTFOLD,Norge,59.18667,10.20717,2012-01-01T00:00:00.000Z,
SN52555,FV57 MONGSTAD SØR,Fv57 Mongstad sør,VESTLAND,Norge,60.79283,5.02183,2013-10-07T00:00:00.000Z,
SN12666,E6 VINGNES,E6 Vingnes,INNLANDET,Norge,61.108,10.442,2012-01-01T00:00:00.000Z,
SN48069,FV542 BØMLABRUA,Fv542 Bømlabrua,VESTLAND,Norge,59.73717,5.3795,2012-01-01T00:00:00.000Z,
SN13420,VENABU,Venabu,INNLANDET,Norge,61.6513,10.1082,1980-08-01T00:00:00.000Z,
SN27470,TORP,Torp,VESTFOLD,Norge,59.1845,10.2553,1959-09-01T00:00:00.000Z,
SN57050,ASKVOLL FERJEKAI,Askvoll ferjekai,VESTLAND,Norge,61.34486,5.0651,2022-10-11T00:00:00.000Z,
SN75550,SKLINNA FYR,Sklinna fyr,TRØNDELAG,Norge,65.2023,10.9965,1974-11-01T00:00:00.000Z,
SN68175,E6 MOHOLTLIA,E6 Moholtlia,TRØNDELAG,Norge,63.4078,10.4388,2013-01-01T00:00:00.000Z,
SN62200,E39 FURSETFJELLET,E39 Fursetfjellet,MØRE OG ROMSDAL,Norge,62.8275,7.60483,2014-12-01T00:00:00.000Z,
SN4385,E6 KLØFTA,E6 Kløfta,AKERSHUS,Norge,60.0618,11.1515,2023-10-31T00:00:00.000Z,
SN63420,SUNNDALSØRA III,Sunndalsøra,MØRE OG ROMSDAL,Norge,62.6785,8.5473,1954-06-01T00:00:00.000Z,
SN90730,GRØTSUNDET - SOLHEIM,Solheim,TROMS,Norge,69.83,19.52,2025-01-14T00:00:00.000Z,
SN16560,DOMBÅS - NORDIGARD,Dombås,INNLANDET,Norge,62.07165,9.1147,2006-08-31T00:00:00.000Z,
SN725,FV221 VALDALSFJELLET,Fv221 Valdalsfjellet,INNLANDET,Norge,62.08183,12.132,2014-09-11T00:00:00.000Z,
SN8880,ALVDAL,Alvdal ,INNLANDET,Norge,62.1093,10.6268,2005-01-01T00:00:00.000Z,
SN94238,KIRKEGÅRDSØYA,Polarbasen,FINNMARK,Norge,70.6322,23.6475,2024-12-12T00:00:00.000Z,
SN30305,FV32 KIKUT,Fv32 Kikut,TELEMARK,Norge,59.2485,9.66367,2013-12-19T00:00:00.000Z,
SN91690,KÅGEN - SKARVESTEINEN,Skarvesteinen,TROMS,Norge,69.99,20.71,2025-01-14T00:00:00.000Z,
SN27120,HORTEN - NYKIRKE,Nykirke,VESTFOLD,Norge,59.4283,10.3847,2015-07-01T00:00:00.000Z,
SN50070,KVAMSØY,Kvamsøy,VESTLAND,Norge,60.3632,6.2805,2003-11-16T00:00:00.000Z,
SN43350,EIGERØYA,Eigerøya,ROGALAND,Norge,58.43517,5.87183,2010-04-15T00:00:00.000Z,
SN99460,PASVIK - SVANVIK,Svanvik,FINNMARK,Norge,69.4552,30.041,1973-01-01T00:00:00.000Z,
SN91430,RIHPOJAVRI,Rihpojávri,TROMS,Norge,69.2235,20.5795,2003-10-13T00:00:00.000Z,
SN77048,MS T.A. SENIOR,M/S TA Senior,,Norge,,,2024-12-12T00:00:00.000Z,
SN63725,E6 OPPDAL,E6 Oppdal,TRØNDELAG,Norge,62.60067,9.7215,2012-01-01T00:00:00.000Z,
SN9580,TYNSET - HANSMOEN,Tynset,INNLANDET,Norge,62.2696934,10.7352666,2001-07-01T00:00:00.000Z,
SN60190,ROALDSHORNET,Roaldshornet,MØRE OG ROMSDAL,Norge,62.3065,6.849,2014-10-04T00:00:00.000Z,
SN27075,E18 GRELLAND,E18 Grelland,VESTFOLD,Norge,59.511,10.2078,2015-10-20T00:00:00.000Z,
SN99370,KIRKENES LUFTHAVN,Kirkenes lufthavn,FINNMARK,Norge,69.7287,29.9057,1940-11-01T00:00:00.000Z,
SN80610,MYKEN,Myken,NORDLAND,Norge,66.7628,12.486,1992-10-15T00:00:00.000Z,
SN72580,NAMSOS LUFTHAVN,Namsos LH,TRØNDELAG,Norge,64.4708,11.5705,1968-07-01T00:00:00.000Z,
SN84701,NARVIK SENTRUM,Narvik,NORDLAND,Norge,68.4372,17.4212,2018-12-13T00:00:00.000Z,
SN496228005,HAMANG-BÆRUM-5,Hamang-Bærum-5,,Norge,59.9011,10.5124,2024-10-28T12:57:38.000Z,
SN30242,FV301 BERG KIRKE,Fv301 Berg kirke,VESTFOLD,Norge,58.99283,9.92317,2011-01-01T00:00:00.000Z,
SN77425,MAJAVATN V,Majavatn,NORDLAND,Norge,65.1662,13.3667,2007-12-19T00:00:00.000Z,
SN91502,NORDNESFJELLET - JETTANII,Jettanii,TROMS,Norge,69.5543,20.4108,2020-12-01T00:00:00.000Z,
SN88200,SENJA - LAUKHELLA,Laukhella,TROMS,Norge,69.2348,17.9013,1997-08-01T00:00:00.000Z,
SN15905,RV15 GROTLI,Rv15 Grotli,INNLANDET,Norge,62.0151279,7.6209823,2024-09-12T00:00:00.000Z,
SN45530,LIARVATN,Liarvatn,ROGALAND,Norge,59.0512,6.1212,2010-07-01T00:00:00.000Z,
SN11500,ØSTRE TOTEN - APELSVOLL,Apelsvoll,INNLANDET,Norge,60.7002,10.8695,1930-09-08T00:00:00.000Z,
SN73630,E6 FJERDINGEN,E6 Fjerdingen,TRØNDELAG,Norge,64.6237,12.6053,2015-11-04T00:00:00.000Z,
SN69730,SKOGN,Skogn,TRØNDELAG,Norge,63.68963,11.19145,2024-08-28T00:00:00.000Z,
SN496228008,HAMANG-BÆRUM-8,Hamang-Bærum-8,,Norge,59.904,10.5218,2024-10-28T12:57:46.000Z,
SN99310,E6 FERDESMYRA,E6 Ferdesmyra,FINNMARK,Norge,69.746387,29.296961,2026-01-08T00:00:00.000Z,
SN59825,FV61 LEIKONGEIDET,Fv61 Leikongeidet,MØRE OG ROMSDAL,Norge,62.23967,5.74692,2025-09-22T00:00:00.000Z,
SN98978,REINHAUGEN,Boazoaivi,FINNMARK,Norge,70.3357,28.9648,2018-10-12T00:00:00.000Z,
SN38140,LANDVIK,Landvik,AGDER,Norge,58.34,8.5225,1957-01-01T00:00:00.000Z,
SN15262,JUVFLYE - KLIMAPARK 2469,Juvflye,INNLANDET,Norge,61.674,8.3685,2015-06-17T00:00:00.000Z,
SN58165,E39 KLAKEGG,E39 Klakegg,VESTLAND,Norge,61.6093,6.5288,2017-07-06T00:00:00.000Z,
SN94645,E69 SKARSVÅGREVVA,E69 Skarsvågrevva,FINNMARK,Norge,71.035052,25.83249,2026-02-23T00:00:00.000Z,
SN26450,FV287 HAGLEBU,Fv287 Haglebu,BUSKERUD,Norge,60.36667,9.186,2011-01-01T00:00:00.000Z,
SN86310,GIMSØY - OSAN,Osan ,NORDLAND,Norge,68.327,14.1777,2014-09-17T00:00:00.000Z,
SN69380,MERÅKER - VARDETUN,Meråker,TRØNDELAG,Norge,63.41129,11.7279,2004-04-15T00:00:00.000Z,
SN39450,RV9 DALEHEFTE,Rv9 Dalehefte,AGDER,Norge,58.3085,7.8125,2012-01-01T00:00:00.000Z,
SN60875,BRUSDALEN,Brusdalen,MØRE OG ROMSDAL,Norge,62.4848,6.4797,2020-01-20T00:00:00.000Z,
SN15890,GROTLI III,Grotli,INNLANDET,Norge,62.0164692,7.6637358,2008-10-01T00:00:00.000Z,
SN4460,HAKADAL JERNBANESTASJON,Hakadal,AKERSHUS,Norge,60.1173,10.829,2007-01-08T00:00:00.000Z,
SN25140,RV52 STORESKAR,Rv52 Storeskar,BUSKERUD,Norge,60.8808729,8.3454396,2024-09-30T00:00:00.000Z,
SN66150,ORKDAL - THAMSHAMN,Orkanger,TRØNDELAG,Norge,63.3153,9.8495,2006-08-08T00:00:00.000Z,
SN180,TRYSIL MOSANDEN,Trysil Mosanden,INNLANDET,Norge,61.2955653,12.2758327,1993-11-10T00:00:00.000Z,
SN93200,KVENVIKMOEN,Kvenvikmoen,FINNMARK,Norge,69.9218,23.0896,2025-01-26T00:00:00.000Z,
SN92895,E6 LANGFJORDBOTN,E6 Langfjordbotn,FINNMARK,Norge,70.03983,22.25733,2012-01-01T00:00:00.000Z,
SN20932,VESTFJORDEN,Vestfjorden,NORSKEHAVET,Norge,68.2252,15.4733,2022-03-01T00:00:00.000Z,
SN39100,OKSØY FYR,Oksøy fyr,AGDER,Norge,58.0732,8.0532,1864-05-01T00:00:00.000Z,
SN90760,FAKKEN,Fakken,TROMS,Norge,70.10426,20.11451,2003-01-21T00:00:00.000Z,
SN55770,NJØS,Njøs,VESTLAND,Norge,61.1792,6.8608,2005-01-01T00:00:00.000Z,
SN76450,VEGA - VALLSJØ,Vega,NORDLAND,Norge,65.7017,11.8562,1991-02-01T00:00:00.000Z,
SN58533,LOEN - RAKE,Rake,VESTLAND,Norge,61.8723,6.786,2006-04-01T00:00:00.000Z,
SN33430,E134 GRØNLIHEIA,E134 Grønliheia,TELEMARK,Norge,59.5315,8.1075,2015-11-04T00:00:00.000Z,
SN81420,FV813 BEIARFJELLET,Fv813 Beiarfjellet,NORDLAND,Norge,67.00417,14.89817,2012-01-01T00:00:00.000Z,
SN87315,RV85 LANGVASSBUKT,Rv85 Langvassbukt,TROMS,Norge,68.61783,15.75933,2012-01-01T00:00:00.000Z,
SN75140,HOFLES,Hofles,TRØNDELAG,Norge,64.8274,11.6124,2022-09-27T00:00:00.000Z,
SN46430,RØLDALSFJELLET,Røldalsfjellet,VESTLAND,Norge,59.8315,6.733,2013-11-01T00:00:00.000Z,
SN77006,JOHAN HJORT,Johan Hjort,,Norge,,,1991-01-01T00:00:00.000Z,
SN47498,ETNE II,Etne ,VESTLAND,Norge,59.6625,5.9538,2005-01-01T00:00:00.000Z,
SN98090,BERLEVÅG LUFTHAVN,Berlevåg,FINNMARK,Norge,70.8731483,29.0423967,1974-08-01T00:00:00.000Z,
SN52540,FEDJE KV,Fedje KV,VESTLAND,Norge,60.78,4.6978,2023-10-10T00:00:00.000Z,
SN90491,TROMSØ LH - STORKJØLEN,Stor-Kjølen,TROMS,Norge,69.7333,18.7875,1998-04-02T00:00:00.000Z,
SN94232,SØRE VEGGENES,Søre Veggenes,FINNMARK,Norge,70.54774,23.24906,2025-11-18T00:00:00.000Z,
SN61790,FV64 ISFJORDEN,Fv64 Isfjorden,MØRE OG ROMSDAL,Norge,62.571,7.783,2015-11-05T00:00:00.000Z,
SN93900,SIHCCAJAVRI,Šihččajávri,FINNMARK,Norge,68.7559654,23.5395347,1913-04-01T00:00:00.000Z,
SN76961,SLEIPNER B,Sleipner B ,NORDSJØEN,Norge,58.4178,1.7178,2015-06-23T00:00:00.000Z,
SN20950,GULLFAKS A,Gullfaks A,NORDSJØEN,Norge,61.1762,2.1892,1986-12-21T00:00:00.000Z,
SN47480,E134 VATS,E134 Vats,ROGALAND,Norge,59.5698,5.7025,2013-06-10T00:00:00.000Z,
SN43030,HESKESTAD,Heskestad,ROGALAND,Norge,58.4733,6.3633,2025-12-18T00:00:00.000Z,
SN20959,EDVARD GRIEG,Edvard Grieg,NORDSJØEN,Norge,58.8442,2.2486,2025-11-27T00:00:00.000Z,
SN82210,RV80 BERTNES,Rv80 Bertnes,NORDLAND,Norge,67.28783,14.59317,2013-10-07T00:00:00.000Z,
SN33950,HAUKELISETER TESTFELT,Haukeliseter,TELEMARK,Norge,59.8118,7.2143,2011-05-09T00:00:00.000Z,
SN91460,E8 GARDEBORRI,E8 Gárdeborri,TROMS,Norge,69.18183,20.75033,2018-11-27T00:00:00.000Z,
SN27320,E18 UNDRUMSDAL,E18 Undrumsdal,VESTFOLD,Norge,59.37405,10.3771,2004-12-24T00:00:00.000Z,
SN77051,MS POLARGIRL,MS Polargirl,,Norge,,,2025-02-11T00:00:00.000Z,
SN42940,SIRDAL - SINNES,Sinnes,AGDER,Norge,58.923,6.9097,2007-07-02T00:00:00.000Z,
SN5330,FV24 STORSJØEN,Fv24 Storsjøen,INNLANDET,Norge,60.35817,11.58983,2012-01-01T00:00:00.000Z,
SN91675,E6 DJUPVIK,E6 Djupvik,TROMS,Norge,69.7537,20.506,2015-11-02T00:00:00.000Z,
SN7950,RENA FLYPLASS,Rena flyplass,INNLANDET,Norge,61.1847,11.3747,2011-12-09T00:00:00.000Z,
SN69640,E6 RONGLAN,E6 Ronglan,TRØNDELAG,Norge,63.6622,11.1028,2022-10-05T00:00:00.000Z,
SN57340,JØLSTER - KVAMSFJELLET,Kvamsfjellet,VESTLAND,Norge,61.4573,6.096,2015-09-07T00:00:00.000Z,
SN91729,ARNØYA - TROLLTINDEN,Trolltinden,TROMS,Norge,70.075,20.431,2014-09-19T00:00:00.000Z,
SN26970,FV319 SAGBUKTA,Fv319 Sagbukta,BUSKERUD,Norge,59.6625,10.38017,2011-07-14T00:00:00.000Z,
SN20962,TAMBAR,Tambar,NORDSJØEN,Norge,56.9828,2.9588,2026-01-14T00:00:00.000Z,
SN85640,E10 KÅKERN BRU,E10 Kåkern bru,NORDLAND,Norge,68.0185,13.18033,2012-01-01T00:00:00.000Z,
SN76937,TROLL C,Troll C,NORDSJØEN,Norge,60.8858,3.6097,1997-01-01T00:00:00.000Z,
SN20926,HJELMSØYBANKEN,Hjelmsøybanken,BARENTSHAVET,Norge,72.49,20.15,2018-04-09T00:00:00.000Z,
SN77350,FV76 TOSENFJELLET,Fv76 Tosenfjellet,NORDLAND,Norge,65.3125,13.14267,2015-11-05T00:00:00.000Z,
SN69661,E39 KVIVSVEIEN,E39 Kvivsveien,MØRE OG ROMSDAL,Norge,62.0385,6.4187,2014-09-11T00:00:00.000Z,
SN76946,ROSS RIG,Ross Rig,KONTINENTALSOKKELEN,Norge,,,1980-10-01T00:00:00.000Z,
SN32060,GVARV - NES,Gvarv,TELEMARK,Norge,59.3822,9.2128,1997-05-13T00:00:00.000Z,
SN62295,MOLDE - HINDALSRØRA,Hindalsrøra,MØRE OG ROMSDAL,Norge,62.756,7.2088,2016-10-21T00:00:00.000Z,
SN50865,GULLFJELLET,Gullfjellet,VESTLAND,Norge,60.3828,5.542,2016-08-10T00:00:00.000Z,
SN43490,E39 UALAND,E39 Ualand,ROGALAND,Norge,58.5385,6.3041,2021-11-17T00:00:00.000Z,
SN88690,HEKKINGEN FYR,Hekkingen fyr,TROMS,Norge,69.6005,17.83117,1979-11-01T00:00:00.000Z,
SN64242,RV70 FREI,Rv70 Frei,MØRE OG ROMSDAL,Norge,63.08567,7.79783,2014-01-06T00:00:00.000Z,
SN49860,RV7 DYRANUT,Rv7 Dyranut,VESTLAND,Norge,60.36933,7.4945,2011-01-01T00:00:00.000Z,
SN82410,HELLIGVÆR II,Helligvær,NORDLAND,Norge,67.4048,13.8958,2005-01-27T00:00:00.000Z,
SN6840,RV3 RENA,Rv3 Rena,INNLANDET,Norge,61.1215,11.36333,2011-04-14T00:00:00.000Z,
SN76928,HEIDRUN,Heidrun,NORSKEHAVET,Norge,65.32285,7.3156,1995-10-21T00:00:00.000Z,
SN83280,FV835 ENGELØYBRUA,Fv835 Engeløybrua,NORDLAND,Norge,67.90283,15.18267,2011-01-01T00:00:00.000Z,
SN70980,E6 KVAM,E6 Kvam,TRØNDELAG,Norge,64.1492,11.7635,2011-01-01T00:00:00.000Z,
SN62950,E39 GJEMNESSUNDBRUA,E39 Gjemnessundbrua,MØRE OG ROMSDAL,Norge,62.97117,7.77933,2016-11-16T00:00:00.000Z,
SN210,TRYSIL - NORDRE KANKEN,Trysilfjellet ,INNLANDET,Norge,61.3188,12.1887,2018-10-11T00:00:00.000Z,
SN88430,FV7862 KAPERSKARET,Fv7862 Kaperskaret,TROMS,Norge,69.29717,17.2905,2021-11-16T00:00:00.000Z,
SN66530,MELDAL - MUAN,Meldal,TRØNDELAG,Norge,63.026787,9.716463,1969-12-01T00:00:00.000Z,
SN77000,POLARBJØRN,M/V Polarbjørn,,Norge,,,1983-06-01T00:00:00.000Z,
SN90305,E8 LAVANGSDALEN,E8 Lavangsdalen,TROMS,Norge,69.43383,19.26083,2014-12-01T00:00:00.000Z,
SN33890,VÅGSLI,Vågsli,TELEMARK,Norge,59.7663671,7.3653533,1994-09-27T00:00:00.000Z,
SN64870,TÅGDALEN,Tågdalen,MØRE OG ROMSDAL,Norge,63.0493,9.0878,2007-11-21T00:00:00.000Z,
SN120,FV2168 FLERMOBERGET,Fv2168 Flermoberget,INNLANDET,Norge,61.21767,12.69817,2012-01-01T00:00:00.000Z,
SN98640,FINNESVATNET,Finnesvatnet,FINNMARK,Norge,70.2467,30.368,2022-09-29T00:00:00.000Z,
SN98550,VARDØ RADIO,Vardø radio,FINNMARK,Norge,70.3707,31.0962,1829-06-01T00:00:00.000Z,
SN24820,RV7 NESBYEN,Rv7 Nesbyen,BUSKERUD,Norge,60.5325,9.15483,2015-11-04T00:00:00.000Z,
SN93140,ALTA LUFTHAVN,Alta LH,FINNMARK,Norge,69.9775,23.3582,1963-12-01T00:00:00.000Z,
SN10070,FV30 OSMOEN,Fv30 Osmoen,INNLANDET,Norge,62.50033,11.17233,2011-03-14T00:00:00.000Z,
SN94235,RV94 SKJÅHOLMEN,Rv94 Skjåholmen,FINNMARK,Norge,70.54583,23.73033,2015-11-05T00:00:00.000Z,
SN20540,GRAN,Gran,INNLANDET,Norge,60.3558,10.5592,2005-01-01T00:00:00.000Z,
SN76964,NJORD A,Njord A,NORSKEHAVET,Norge,64.271,7.2015,2014-03-27T00:00:00.000Z,
SN86600,STOKMARKNES LH - SKAGEN,Stokmarknes LH,NORDLAND,Norge,68.5801001,15.0289351,1972-06-01T00:00:00.000Z,
SN67140,SKJETLEIN,Skjetlein,TRØNDELAG,Norge,63.3403,10.2973,1991-01-02T00:00:00.000Z,
SN490391007,300 KV MAURANGER – SAMNANGER-7,300 kV Mauranger – Samnanger-7,,Norge,60.12191,6.29518,2025-04-22T13:01:12.000Z,
SN59110,KRÅKENES,Kråkenes,VESTLAND,Norge,62.034,4.9865,1991-10-01T00:00:00.000Z,
SN20280,HØNEFOSS - HVERVEN,Hverven,BUSKERUD,Norge,60.14033,10.26617,2005-01-01T00:00:00.000Z,
SN99600,FARKOLLEN,Farkollen,FINNMARK,Norge,69.8043,28.9937,2022-06-09T00:00:00.000Z,
SN17400,FV120 RØDSUND,Fv120 Rødsund,ØSTFOLD,Norge,59.4765,10.79,2010-01-05T00:00:00.000Z,
SN94190,REVSBOTN - DANIELSVIKA,Danielsvika,FINNMARK,Norge,70.67058,24.48363,2025-11-18T00:00:00.000Z,
SN26650,DARBU,Darbu,BUSKERUD,Norge,59.6878,9.8507,2011-04-03T00:00:00.000Z,
SN71850,HALTEN FYR,Halten fyr,TRØNDELAG,Norge,64.1727,9.4052,1983-09-01T00:00:00.000Z,
SN72200,FV17 GRYTA,Fv17 Gryta,TRØNDELAG,Norge,64.33983,11.28133,2014-09-11T00:00:00.000Z,
SN38735,RV41 HYNNEKLEIV,Rv41 Hynnekleiv,AGDER,Norge,58.60417,8.40417,2014-09-11T00:00:00.000Z,
SN98595,E75 DOMEN,E75 Domen,FINNMARK,Norge,70.33379,31.02379,2025-01-13T00:00:00.000Z,
SN17050,RÅDE - TOMB,Tomb,ØSTFOLD,Norge,59.3188,10.8145,1942-03-01T00:00:00.000Z,
SN71805,FV715 MOMYR,Fv715 Momyr,TRØNDELAG,Norge,64.09717,10.52483,2012-01-01T00:00:00.000Z,
SN23420,FAGERNES,Fagernes,INNLANDET,Norge,60.9785,9.224,1892-10-01T00:00:00.000Z,
SN4920,ÅRNES,Årnes,AKERSHUS,Norge,60.1268,11.3933,1998-12-01T00:00:00.000Z,
SN77287,E6 SVENNINGÅSEN,E6 Svenningåsen,NORDLAND,Norge,65.54786,13.378075,2026-01-09T00:00:00.000Z,
SN55970,FV55 KONGSNES,Fv55 Kongsnes,VESTLAND,Norge,61.1645,6.20867,2014-12-01T00:00:00.000Z,
SN39040,KJEVIK,Kjevik,AGDER,Norge,58.2,8.0767,1939-06-01T00:00:00.000Z,
SN20953,VALEMON,Valemon,NORDSJØEN,Norge,61.0407,2.339,2015-01-03T00:00:00.000Z,
SN87120,ANDØYA - TROLLTINDEN,Trolltinden,NORDLAND,Norge,69.2413,16.003,2007-08-01T00:00:00.000Z,
SN98580,VARDØ LUFTHAVN,Vardø LH,FINNMARK,Norge,70.3512896,31.0502314,1998-10-07T00:00:00.000Z,
SN47225,KARMØY - HEMNES,Hemnes,ROGALAND,Norge,59.203132,5.171293,2024-11-05T00:00:00.000Z,
SN81650,SALTDAL - NORDNES,Saltdal − Nordnes,NORDLAND,Norge,66.9368,15.3155,1997-06-01T00:00:00.000Z,
SN66120,FV714 VÅVATNET,Fv714 Våvatnet,TRØNDELAG,Norge,63.30933,9.5685,2013-01-01T00:00:00.000Z,
SN85840,VÆRØY HELIPORT,Værøy,NORDLAND,Norge,67.6527,12.7228,1997-02-20T00:00:00.000Z,
SN67340,E6 BUVATNET,E6 Buvatnet,TRØNDELAG,Norge,62.86133,10.02133,2012-01-01T00:00:00.000Z,
SN4950,FV175 FOLMO,Fv175 Folmo,AKERSHUS,Norge,60.14683,11.494,2014-09-11T00:00:00.000Z,
SN61060,REKDAL,Rekdal,MØRE OG ROMSDAL,Norge,62.6512,6.7552,2008-05-26T00:00:00.000Z,
SN65680,FRØYFJORDEN - EDØYA,Edøya,TRØNDELAG,Norge,63.658,8.6952,2026-02-23T00:00:00.000Z,
SN3290,RAKKESTAD,Rakkestad,ØSTFOLD,Norge,59.3882,11.3905,1991-01-01T00:00:00.000Z,
SN20301,HØNEFOSS - HØYBY,Hønefoss,BUSKERUD,Norge,60.1665,10.2478,2005-05-30T00:00:00.000Z,
SN54645,E16 FILEFJELL-SMEDDALEN,E16 Filefjell Smeddalen,VESTLAND,Norge,61.16767,8.04133,2017-11-27T00:00:00.000Z,
SN53990,FV50 VESTREDALEN,Fv50 Vestredalen,VESTLAND,Norge,60.74183,7.57483,2012-01-01T00:00:00.000Z,
SN74670,E6 NAMSSKOGAN,E6 Namsskogan,TRØNDELAG,Norge,65.0627,13.3025,2011-01-01T00:00:00.000Z,
SN95350,BANAK,Banak,FINNMARK,Norge,70.06,24.9793,1945-08-01T00:00:00.000Z,
SN19655,E16 BJØRUM,E16 Bjørum,AKERSHUS,Norge,59.939003,10.425091,2025-12-16T00:00:00.000Z,
SN12280,RV3 STABEKKEN,Rv3 Stabekken,INNLANDET,Norge,60.8165,11.28533,2020-10-12T00:00:00.000Z,
SN76931,TROLL A,Troll A,NORDSJØEN,Norge,60.6435,3.7193,1998-01-04T00:00:00.000Z,
SN76967,OSEBERG SØR,Oseberg Sør ,NORDSJØEN,Norge,60.3902,2.797,2014-06-02T00:00:00.000Z,
SN20929,JOHAN SVERDRUP,Johan Sverdrup,NORDSJØEN,Norge,58.8353,2.5457,2019-06-01T00:00:00.000Z,
SN82000,SETSÅ,Setså,NORDLAND,Norge,67.1658,15.4857,2009-02-04T00:00:00.000Z,
SN55820,FJÆRLAND - BREMUSEET,Fjærland,VESTLAND,Norge,61.4234562,6.7642989,2005-11-20T00:00:00.000Z,
SN96400,SLETTNES FYR,Slettnes fyr,FINNMARK,Norge,71.0888,28.217,1927-11-28T00:00:00.000Z,
SN13150,FÅVANG,Fåvang,INNLANDET,Norge,61.4582,10.1872,2009-11-18T00:00:00.000Z,
SN76922,STATFJORD A,Statfjord A,NORDSJØEN,Norge,61.2553,1.8522,1978-01-01T00:00:00.000Z,
SN63940,E6 GRØNBAKKEN,E6 Grønbakken,TRØNDELAG,Norge,62.2767,9.5877,2012-01-01T00:00:00.000Z,
SN76240,SØMNA - KVALØYFJELLET,Kvaløyfjellet,NORDLAND,Norge,65.2193,11.9928,2014-02-10T00:00:00.000Z,
SN89985,SJUFJELLET,Sjufjellet,TROMS,Norge,69.1025,19.5442,2014-09-24T00:00:00.000Z,
SN69655,FROSTA,Frosta,TRØNDELAG,Norge,63.5652,10.6932,1989-12-01T00:00:00.000Z,
SN50500,FLESLAND,Flesland,VESTLAND,Norge,60.2892,5.2265,1955-10-02T00:00:00.000Z,
SN97710,ISKORAS II,Iškoras ,FINNMARK,Norge,69.3003,25.346,2014-09-15T00:00:00.000Z,
SN50850,FV587 HAUKELAND,Fv587 Haukeland,VESTLAND,Norge,60.357,5.4515,2011-01-01T00:00:00.000Z,
SN76330,BRØNNØYSUND LUFTHAVN,Brønnøysund,NORDLAND,Norge,65.46072,12.21959,1968-07-01T00:00:00.000Z,
SN84925,E10 GROVFJORD VEGKRYSS,E10 Grovfjord vegkryss,NORDLAND,Norge,68.5368463,17.2150822,2023-07-14T00:00:00.000Z,
SN69520,E14 TEVELDALEN,E14 Teveldalen,TRØNDELAG,Norge,63.34067,12.0385,2011-08-22T00:00:00.000Z,
SN1980,FV21 JÅVALL,Fv21 Jåvall,ØSTFOLD,Norge,59.607317,11.61527,2026-01-08T00:00:00.000Z,
SN13760,FV51 VALDRESFLYE,Fv51 Valdresflye,INNLANDET,Norge,61.38917,8.81033,2017-11-27T00:00:00.000Z,
SN3730,E18 SMÅLENENES BRU,E18 Smålenenes bru,ØSTFOLD,Norge,59.59233,11.095,2011-01-01T00:00:00.000Z,
SN25630,GEILO - OLDEBRÅTEN,Geilo,BUSKERUD,Norge,60.5299,8.1951,2006-07-01T00:00:00.000Z,
SN57830,FV614 LANGESI,Fv614 Langesi,VESTLAND,Norge,61.8325,5.45867,2018-11-28T00:00:00.000Z,
SN93170,ALTA - KAISKURU,Kaiskuru,FINNMARK,Norge,69.9553,23.3715,2025-01-30T00:00:00.000Z,
SN89940,DIVIDALEN II,Dividalen,TROMS,Norge,68.78167,19.70167,2009-10-08T00:00:00.000Z,
SN76958,ÅSGARD B,Åsgard B,NORSKEHAVET,Norge,65.1103,6.7912,2014-01-01T00:00:00.000Z,
SN62980,GJEMNES - REINSFJELLET,Reinsfjellet,MØRE OG ROMSDAL,Norge,62.93,7.925,2015-09-02T00:00:00.000Z,
SN61580,E136 BRUSTUGLIA,Brustuglia,MØRE OG ROMSDAL,Norge,62.2943,8.1255,2013-01-01T00:00:00.000Z,
SN96310,MEHAMN LUFTHAVN,Mehamn LH,FINNMARK,Norge,71.033,27.8298,1974-08-01T00:00:00.000Z,
SN84880,KATTERAT,Katterat,NORDLAND,Norge,68.3995,17.966,2016-10-13T00:00:00.000Z,
SN9310,HJERKINN II,Hjerkinn,INNLANDET,Norge,62.2205817,9.5419597,2010-09-06T00:00:00.000Z,
SN50231,EIKELANDSOSEN,Eikelandsosen,VESTLAND,Norge,60.2500911,5.7436545,2022-09-19T00:00:00.000Z,
SN490391001,300 KV MAURANGER – SAMNANGER-1,300 kV Mauranger – Samnanger-1,,Norge,60.13058,6.32913,2025-04-22T13:01:09.000Z,
SN49800,FET I EIDFJORD,Fet i Eidfjord,VESTLAND,Norge,60.4080734,7.2803489,1884-09-01T00:00:00.000Z,
SN3003,E6 SOLBERGTÅRNET SYD,E6 Solbergtårnet,ØSTFOLD,Norge,59.2046108,11.1780095,2024-08-21T00:00:00.000Z,
SN84970,EVENES LUFTHAVN,Evenes LH,NORDLAND,Norge,68.4912,16.6833,1973-07-01T00:00:00.000Z,
SN10055,TOLGA,Tolga,INNLANDET,Norge,62.4068454,10.9957948,2024-12-09T00:00:00.000Z,
SN9400,RV3 BERGERØNNINGEN,Rv3 Bergerønningen,INNLANDET,Norge,62.179,10.6165,2011-03-30T00:00:00.000Z,
SN55928,BALESTRAND - BALE,Balestrand ,VESTLAND,Norge,61.2028,6.5285,2005-01-01T00:00:00.000Z,
SN3990,RV22 KROKEDAL,Rv22 Krokedal,ØSTFOLD,Norge,59.75817,11.29233,2014-09-11T00:00:00.000Z,
SN24670,FV280 ENDERUD BRU,Fv280 Enderud bru,BUSKERUD,Norge,60.26833,9.69183,2011-01-01T00:00:00.000Z,
SN490381015,300 KV SAUDA – BLÅFALLI-15,300 kV Sauda – Blåfalli-15,,Norge,59.65893,6.32296,2025-04-25T09:01:14.000Z,
SN71880,ÅFJORD - FARMANNSØYA,Farmannsøya,TRØNDELAG,Norge,64.18412,10.1228,2025-11-18T00:00:00.000Z,
SN45350,LYSEBOTN,Lysebotn,ROGALAND,Norge,59.05512,6.6467,1895-01-01T00:00:00.000Z,
SN65160,FV6192 BREKKA,Fv6192 Brekka,MØRE OG ROMSDAL,Norge,63.352649,8.865115,2025-10-17T00:00:00.000Z,
SN84910,E10 SKITDALSHØGDA,E10 Skitdalshøgda,NORDLAND,Norge,68.516,17.8725,2011-05-04T00:00:00.000Z,
SN90490,TROMSØ - LANGNES,Tromsø LH,TROMS,Norge,69.6767,18.9133,1964-09-30T00:00:00.000Z,
SN76934,STATFJORD B,Statfjord B,NORDSJØEN,Norge,61.2063,1.8288,1981-01-01T00:00:00.000Z,
SN76530,TJØTTA,Tjøtta,NORDLAND,Norge,65.8295,12.4255,1984-09-01T00:00:00.000Z,
SN1400,BREKKE SLUSE,Brekke sluse,ØSTFOLD,Norge,59.1477,11.5583,1925-11-01T00:00:00.000Z,
SN77490,KAPPFJELLET,Kappfjellet,NORDLAND,Norge,65.3143,13.4483,2017-10-19T00:00:00.000Z,
SN86740,BØ I VESTERÅLEN III,Bø Vesterålen,NORDLAND,Norge,68.6072,14.4347,2002-12-03T00:00:00.000Z,
SN58030,FV615 HYEN,Fv615 Hyen,VESTLAND,Norge,61.75033,5.94667,2011-01-01T00:00:00.000Z,
SN92760,HASVIK HAVN,Hasvik havn,FINNMARK,Norge,70.4838,22.1618,2022-11-10T00:00:00.000Z,
SN47300,UTSIRA FYR,Utsira,ROGALAND,Norge,59.3065,4.8723,1860-01-01T00:00:00.000Z,
SN57770,YTTERØYANE FYR,Ytterøyane fyr,VESTLAND,Norge,61.5717,4.6817,1984-09-01T00:00:00.000Z,
SN76925,DRAUGEN,Draugen,NORSKEHAVET,Norge,64.352,7.77915,1993-10-01T00:00:00.000Z,
SN94635,VANNFJORDEN,Vannfjorden,FINNMARK,Norge,71.02,25.39,2025-11-18T00:00:00.000Z,
SN50395,E39 MOBERGSBRUA,E39 Mobergsbrua,VESTLAND,Norge,60.1912,5.4442,2023-09-06T00:00:00.000Z,
SN78800,VARNTRESK,Varntresk,NORDLAND,Norge,65.8255,14.1942,1999-09-24T00:00:00.000Z,
SN17280,GULLHOLMEN,Gullholmen,ØSTFOLD,Norge,59.4352,10.578,2000-11-01T00:00:00.000Z,
SN9250,FV29 GRAVBEKKLIA,Fv29 Gravbekklia,INNLANDET,Norge,62.18383,9.71817,2015-11-04T00:00:00.000Z,
SN87000,ÅNSTADBLÅHEIA,Ånstadblåheia,NORDLAND,Norge,68.7183,15.3112,2014-10-24T00:00:00.000Z,
SN11000,FV705 LANGSVOLA,Fv705 Langsvola,TRØNDELAG,Norge,62.8715,11.80767,2013-01-01T00:00:00.000Z,
SN49085,FOLGEFONNA SKISENTER,Folgefonna,VESTLAND,Norge,60.2263,6.4347,2015-09-25T00:00:00.000Z,
SN2970,E16 ØYERMOEN,E16 Øyermoen,INNLANDET,Norge,60.2525,12.4562,2014-09-11T00:00:00.000Z,
SN31680,HANSBU,Hansbu AVS ,VESTLAND,Norge,60.0825,7.4247,2015-03-03T00:00:00.000Z,
SN87763,E10 TJELDSUNDBRUA ØST,E10 Tjeldsundbrua øst,TROMS,Norge,68.6269,16.5921,2006-03-15T00:00:00.000Z,
SN30280,FV353 BRUMYRDAL,Fv353 Brumyrdal,TELEMARK,Norge,59.1255,9.50767,2012-01-01T00:00:00.000Z,
SN5590,KONGSVINGER,Kongsvinger,INNLANDET,Norge,60.1904283,12.0069224,2006-07-01T00:00:00.000Z,
SN87117,FV82 KJØLHÅGEN,Fv82 Kjølhågen,NORDLAND,Norge,69.271,16.04017,2015-11-04T00:00:00.000Z,
SN18240,E6 FURUSET,E6 Furuset,OSLO,Norge,59.93783,10.8905,2013-10-07T00:00:00.000Z,
SN85448,SVOLVÆR LH - NORD,Svolvær LH - N ,NORDLAND,Norge,68.2458,14.6712,2017-06-08T00:00:00.000Z,
SN24960,GOL - STAKE,Gol − Stake,BUSKERUD,Norge,60.7188,8.9478,1963-12-01T00:00:00.000Z,
SN94680,HONNINGSVÅG LUFTHAVN,Honningsvåg,FINNMARK,Norge,71.0105,25.9782,1977-07-01T00:00:00.000Z,
SN47910,MIDTBOTN,Midtbotn,VESTLAND,Norge,59.9153256,6.1824628,2022-09-19T00:00:00.000Z,
SN44985,FV450 HUNNEDALEN,Fv450 Hunnedalen,AGDER,Norge,58.89333,6.6665,2012-01-01T00:00:00.000Z,
SN46510,E134 MIDTLÆGER,E134 Midtlæger,VESTLAND,Norge,59.8402,6.9825,1967-02-01T00:00:00.000Z,
SN75220,RØRVIK LUFTHAVN,Rørvik,TRØNDELAG,Norge,64.835,11.1408,1989-01-01T00:00:00.000Z,
SN87772,SÆTERTINDEN VED TJELDSUNDET,Sætertinden,TROMS,Norge,68.5863,16.3608,2015-09-08T00:00:00.000Z,
SN58703,RV15 SKJERDINGSDALEN,Rv15 Skjerdingsdalen,VESTLAND,Norge,61.96317,7.25433,2022-01-11T00:00:00.000Z,
SN23300,FV51 GOLSFJELLET,Fv51 Golsfjellet,BUSKERUD,Norge,60.8175,9.1185,2014-09-11T00:00:00.000Z,
SN7420,RENA - ØRNHAUGEN,Rena øvingsfelt,INNLANDET,Norge,61.37635,11.49939,2014-02-07T00:00:00.000Z,
SN84210,LOSISTUA,Losistua,NORDLAND,Norge,68.1905,17.7905,2014-10-01T00:00:00.000Z,
SN39970,E39 MONANKRYSSET,E39 Monankrysset,AGDER,Norge,58.111,7.8298,2022-11-22T00:00:00.000Z,
SN67280,SOKNEDAL,Soknedal,TRØNDELAG,Norge,62.9535,10.1788,2007-12-20T00:00:00.000Z,
SN89360,BARDUFOSS - RUSTAFJELLET,Rustafjellet ,TROMS,Norge,69.0422,18.4572,1991-07-01T00:00:00.000Z,
SN60650,LINGE,Linge,MØRE OG ROMSDAL,Norge,62.288,7.2173,1961-01-01T00:00:00.000Z,
SN32290,RV36 SELJORD,Rv36 Seljord,TELEMARK,Norge,59.4895,8.64433,2014-09-11T00:00:00.000Z,
SN700,DREVSJØ,Drevsjø,INNLANDET,Norge,61.887,12.0462,1947-10-20T00:00:00.000Z,
SN82290,BODØ VI,Bodø,NORDLAND,Norge,67.2726458,14.3826294,1953-01-01T00:00:00.000Z,
SN24350,RV350 NAKKERUD,Rv350 Nakkerud,BUSKERUD,Norge,60.05183,10.049,2012-01-01T00:00:00.000Z,
SN77230,MOSJØEN LUFTHAVN,Mosjøen LH,NORDLAND,Norge,65.7842,13.218,1987-01-01T00:00:00.000Z,
SN89010,KISTEFJELL,Kistefjell,TROMS,Norge,69.2897,18.1288,2013-07-03T00:00:00.000Z,
SN63880,E6 DRIVSTUA,E6 Drivstua,TRØNDELAG,Norge,62.4272,9.6227,2022-09-15T00:00:00.000Z,
SN62480,ONA II,Ona,MØRE OG ROMSDAL,Norge,62.8585,6.5378,1978-09-01T00:00:00.000Z,
SN74350,NAMSSKOGAN,Namsskogan,TRØNDELAG,Norge,64.7422,12.846,1895-07-01T00:00:00.000Z,
SN88023,FV848 FORNES,Fv848 Fornes,NORDLAND,Norge,68.8691,17.4772,2006-03-15T00:00:00.000Z,
SN83600,E6 ULVSVÅGSKARET,E6 Ulvsvågskaret,NORDLAND,Norge,68.1083,15.8873,2023-11-02T00:00:00.000Z,
SN48170,E39 MEHAMMAR,E39 Mehammar,VESTLAND,Norge,59.91267,5.488,2012-01-01T00:00:00.000Z,
SN96250,FV888 STORE REINOKSEVATN,Fv888 Store Reinoksevatn,FINNMARK,Norge,70.72783,27.497,2014-12-01T00:00:00.000Z,
SN67890,FV30 RUGLDALEN,Fv30 Rugldalen,TRØNDELAG,Norge,62.74033,11.3245,2011-08-23T00:00:00.000Z,
SN25830,FINSEVATN,Finse,VESTLAND,Norge,60.5938,7.527,1993-10-01T00:00:00.000Z,
SN33555,E134 VINJE,E134 Vinje,TELEMARK,Norge,59.61818,7.85386,2013-10-07T00:00:00.000Z,
SN79700,STORFORSHEI,Storforshei,NORDLAND,Norge,66.3962,14.53,2011-06-09T00:00:00.000Z,
SN25115,HEMSEDAL SKISENTER,Hemsedal Skis,BUSKERUD,Norge,60.8397,8.4968,2016-10-13T00:00:00.000Z,
SN63820,DRIVDALEN,Drivdalen,TRØNDELAG,Norge,62.4474975,9.5817569,2014-09-11T00:00:00.000Z,
SN92350,NORDSTRAUM I KVÆNANGEN,Nordstraum,TROMS,Norge,69.8362,21.8958,1965-08-01T00:00:00.000Z,
SN31853,E134 GVAMMEN,E134 Gvammen,TELEMARK,Norge,59.5993,8.7152,2020-09-16T00:00:00.000Z,
SN81315,FV17 SALTSTRAUMBRUA,Fv17 Saltstraumbrua,NORDLAND,Norge,67.23133,14.6125,2020-09-16T00:00:00.000Z,
SN41175,LAUDAL - KLEIVEN,Kleiven,AGDER,Norge,58.2772,7.4388,2016-06-17T00:00:00.000Z,
SN67005,E39 KALLFOSS,E39 Kallfoss,TRØNDELAG,Norge,63.3297,9.9983,2013-01-01T00:00:00.000Z,
SN22890,FV33 TONSÅSEN,Fv33 Tonsåsen,INNLANDET,Norge,60.86433,9.545,2015-11-05T00:00:00.000Z,
SN16610,FOKSTUGU,Fokstugu,INNLANDET,Norge,62.1133,9.2862,1968-06-01T00:00:00.000Z,
SN35110,E18 ØSTERHOLTHEIA,E18 Østerholtheia,AGDER,Norge,58.851,9.11967,2011-01-01T00:00:00.000Z,
SN61810,FV660 VISTDALSHEIA,Fv660 Vistdalsheia,MØRE OG ROMSDAL,Norge,62.65783,8.0425,2015-11-04T00:00:00.000Z,
SN99420,E6 KIRKENES SYD,E6 Kirkenes syd,FINNMARK,Norge,69.6873,30.005,2013-07-22T00:00:00.000Z,
SN27161,HORTEN - SKOPPUM,SKOPPUM,VESTFOLD,Norge,59.3845,10.3985,2018-09-27T00:00:00.000Z,
SN91740,SØRKJOSEN LUFTHAVN,Sørkjosen,TROMS,Norge,69.7902,20.9524,1974-08-01T00:00:00.000Z,
SN96890,KORGÅSEN,Korgåsen,FINNMARK,Norge,69.9363,28.3773,2022-06-08T00:00:00.000Z,
SN38250,E18 STUDEVANN,E18 Studevann,AGDER,Norge,58.1995,8.1865,2013-12-19T00:00:00.000Z,
SN60500,TAFJORD,Tafjord,MØRE OG ROMSDAL,Norge,62.2305,7.4218,1925-01-01T00:00:00.000Z,
SN31970,GAUSTATOPPEN,Gaustatoppen,TELEMARK,Norge,59.8497,8.6562,1935-09-01T00:00:00.000Z,
SN77403,E6 MAJAVATN,E6 Majavatn,NORDLAND,Norge,65.217,13.36867,2006-03-15T00:00:00.000Z,
SN91480,E8 GALGO,E8 Galgo,TROMS,Norge,69.1467,20.7468,2004-12-24T00:00:00.000Z,
SN90735,GLIMBUKTA,Glimbukta,TROMS,Norge,69.83,19.36,2025-11-18T00:00:00.000Z,
SN56490,VÆRLANDET,Værlandet,VESTLAND,Norge,61.3043,4.7407,2022-10-11T00:00:00.000Z,
SN13030,GAUSDAL - FOLLEBU,Follebu,INNLANDET,Norge,61.22651,10.26141,2005-01-01T00:00:00.000Z,
SN60240,ÅKERNESET,Åkerneset,MØRE OG ROMSDAL,Norge,62.191,6.9933,2011-10-31T00:00:00.000Z,
SN1600,FV21 AREBEKKEN,Fv21 Arebekken,ØSTFOLD,Norge,59.25433,11.68433,2014-09-11T00:00:00.000Z,
SN54731,FV2515 FILEFJELL-VARDEN,Fv2515 Filefjell-Varden,INNLANDET,Norge,61.17833,8.15267,2012-01-01T00:00:00.000Z,
SN62860,FV64 ATLANTERHAVSVEGEN,Fv64 Atlanterhavsvegen,MØRE OG ROMSDAL,Norge,63.01517,7.34,2023-05-31T00:00:00.000Z,
SN44710,E39 FORUS,E39 Forus,ROGALAND,Norge,58.8842,5.7183,2013-06-11T00:00:00.000Z,
SN91695,FV866 MAURSUND,Fv866 Maursund,TROMS,Norge,69.93667,20.914,2012-01-01T00:00:00.000Z,
SN17875,E18 HOLSTAD,E18 Holstad,AKERSHUS,Norge,59.685,10.83117,2011-07-06T00:00:00.000Z,
SN31620,MØSSTRAND II,Møsstrand,TELEMARK,Norge,59.8397,8.1785,1980-11-01T00:00:00.000Z,
SN84500,STRAUMSNES,Straumsnes,NORDLAND,Norge,68.432,17.662,2011-01-25T00:00:00.000Z,
SN55700,SOGNDAL LUFTHAMN,Sogndal LH,VESTLAND,Norge,61.158,7.1413,1971-06-01T00:00:00.000Z,
SN2650,AURSKOG II,Aurskog,AKERSHUS,Norge,59.9118,11.5802,2007-11-28T00:00:00.000Z,
SN66045,FV710 KJØRMOEN,Fv710 Kjørmoen,TRØNDELAG,Norge,63.42633,9.94817,2020-09-16T00:00:00.000Z,
SN99680,JARFJORDEN - BÅTHAMNA,Båthamna,FINNMARK,Norge,69.79,30.4,2025-01-14T00:00:00.000Z,
SN71320,RISSA III,Rissa,TRØNDELAG,Norge,63.5857104,9.9700663,2005-01-01T00:00:00.000Z,
SN23680,E16 HUGAVIKA,E16 Hugavika,INNLANDET,Norge,61.1535,8.6782,2023-09-14T00:00:00.000Z,
SN91220,LYNGEN - ÅRØYA,Årøya,TROMS,Norge,69.66,20.31,2025-01-14T00:00:00.000Z,
SN29700,FV40 DAGALIFJELL,Fv40 Dagalifjell,BUSKERUD,Norge,60.37383,8.4885,2011-07-12T00:00:00.000Z,
SN36330,ARENDAL LUFTHAVN,Arendal lh,AGDER,Norge,58.5158,8.7028,2016-12-07T00:00:00.000Z,
SN94620,AKSONJARGA,Ákšonjárga,FINNMARK,Norge,70.99553,25.42361,2025-11-18T00:00:00.000Z,
SN77035,KRONPRINS HAAKON,Kronprins Haakon,,Norge,,,2018-06-18T00:00:00.000Z,
SN44970,FV45 DIRDAL,Fv45 Dirdal,ROGALAND,Norge,58.80767,6.243,2013-06-10T00:00:00.000Z,
SN2560,FV169 ÅSERUD,Fv169 Åserud,AKERSHUS,Norge,59.83883,11.3625,2014-09-11T00:00:00.000Z,
SN26820,HOKKSUND,Hokksund,BUSKERUD,Norge,59.7613,9.8922,2005-01-01T00:00:00.000Z,
SN93301,SUOLOVUOPMI - LULIT,Suolovuopmi,FINNMARK,Norge,69.5797,23.5345,2004-11-08T00:00:00.000Z,
SN80050,FV17 SJONFJELLET,Fv17 Sjonfjellet,NORDLAND,Norge,66.28617,13.28817,2015-11-05T00:00:00.000Z,
SN27780,TJØLLING,Tjølling,VESTFOLD,Norge,59.045747,10.1250557,2005-01-01T00:00:00.000Z,
SN57710,FLORØ LUFTHAMN,Florø LH,VESTLAND,Norge,61.5832,5.0278,1971-06-01T00:00:00.000Z,
SN87640,HARSTAD STADION,Harstad,TROMS,Norge,68.8029,16.5362,2002-08-01T00:00:00.000Z,
SN79610,SKONSENG,Skonseng,NORDLAND,Norge,66.362617,14.346245,2024-10-01T00:00:00.000Z,
SN80705,GLOMFJORD - SKIHYTTA,Skihytta,NORDLAND,Norge,66.8275,13.948,2014-11-27T00:00:00.000Z,
SN46800,FV520 SVANDALSFOSSEN,Fv520 Svandalsfossen,ROGALAND,Norge,59.62483,6.292,2020-12-09T00:00:00.000Z,
SN67175,E6 KVÅL,E6 Kvål,TRØNDELAG,Norge,63.2583,10.2832,2022-11-28T00:00:00.000Z,
SN32490,SØVE,Søve,TELEMARK,Norge,59.2788,9.2813,2006-04-21T00:00:00.000Z,
SN496228013,HAMANG-BÆRUM-13,Hamang-Bærum-13,,Norge,59.9108,10.5361,2024-10-28T12:57:46.000Z,
SN59830,FV5878 NERLANDSØYBRUA,Fv5878 Nerlandsøybrua,MØRE OG ROMSDAL,Norge,62.34017,5.605815,2025-11-03T00:00:00.000Z,
SN90110,MORTENHALSSKOLTEN,Skolten ,TROMS,Norge,69.4229,18.6208,2016-04-05T00:00:00.000Z,
SN28922,VEGGLI II,Veggli,BUSKERUD,Norge,60.0435,9.1468,2006-07-05T00:00:00.000Z,
SN45870,FISTER - SIGMUNDSTAD,Fister,ROGALAND,Norge,59.16,6.0365,2007-05-29T00:00:00.000Z,
SN31560,FV37 RAULANDSFJELLET,Fv37 Raulandsfjellet,TELEMARK,Norge,59.79783,8.258,2015-11-05T00:00:00.000Z,
SN37580,FV450 VØYLEN,Fv450 Vøylen,TELEMARK,Norge,59.3445,7.71,2016-11-14T00:00:00.000Z,
SN75190,FV770 RØRVIK,Fv770 Rørvik,TRØNDELAG,Norge,64.84867,11.23217,2014-09-11T00:00:00.000Z,
SN65330,EDØY,Edøy,MØRE OG ROMSDAL,Norge,63.28516,8.1385,2022-10-25T00:00:00.000Z,
SN60880,E39 BRUSDALEN,E39 Brusdalen,MØRE OG ROMSDAL,Norge,62.48367,6.47233,2012-01-01T00:00:00.000Z,
SN69035,E6 MALVIK,E6 Malvik,TRØNDELAG,Norge,63.4262,10.664,2015-10-20T00:00:00.000Z,
SN98974,BERGEBYDALEN, Suovvejohvuomme,FINNMARK,Norge,70.227,28.9563,2018-10-06T00:00:00.000Z,
SN19663,E16 SOLLIHØGDA VEST,E16 Sollihøgda vest,BUSKERUD,Norge,59.964,10.3435,2008-01-14T00:00:00.000Z,
SN47350,RØVÆR,Røvær,ROGALAND,Norge,59.4382,5.078,2011-04-14T00:00:00.000Z,
SN65850,INNTIAN - HEILVIKA,Hofsøya,TRØNDELAG,Norge,63.7224,8.9145,2026-02-23T00:00:00.000Z,
SN18210,OSLO - HOVIN,Hovin,OSLO,Norge,59.923,10.804,1999-01-15T00:00:00.000Z,
SN59220,BÅTESUNDSKJERET,Båtesundskjeret,VESTLAND,Norge,61.9361,5.0073,2023-08-30T00:00:00.000Z,
SN30860,BERGELIGREND,Bergeligrend,TELEMARK,Norge,59.8861,9.058,1960-09-01T00:00:00.000Z,
SN81775,LØNSDAL STASJON,Lønsdal,NORDLAND,Norge,66.7435,15.4628,2013-09-30T00:00:00.000Z,
SN54815,FV53 TYINOSEN,Fv53 Tyinosen,VESTLAND,Norge,61.27467,8.1385,2012-01-30T00:00:00.000Z,
SN37230,TVEITSUND,Tveitsund,TELEMARK,Norge,59.0255581,8.5185863,1944-06-01T00:00:00.000Z,
SN65940,SULA,Sula,TRØNDELAG,Norge,63.8429,8.4543,1975-01-01T00:00:00.000Z,
SN66810,RV3 LITJFOSSEN,Rv3 Litjfossen,INNLANDET,Norge,62.66917,10.15233,2014-09-11T00:00:00.000Z,
SN496228022,HAMANG-BÆRUM-22,Hamang-Bærum-22,,Norge,59.9265,10.5578,2024-10-28T12:57:40.000Z,
SN21700,FV250 VINGROMÅSEN,Fv250 Vingromåsen,INNLANDET,Norge,61.01017,10.14533,2017-11-27T00:00:00.000Z,
SN11463,E6 MINNESUND,E6 Minnesund,AKERSHUS,Norge,60.3977,11.2303,2008-01-14T00:00:00.000Z,
SN60225,FV60 STRANDAFJELLET,Fv60 Strandafjellet,MØRE OG ROMSDAL,Norge,62.2915,6.79283,2016-04-12T00:00:00.000Z,
SN46220,GULLINGEN SKISENTER,Gullingen,ROGALAND,Norge,59.4128,6.4697,2018-02-06T00:00:00.000Z,
SN66900,RV3 KVIKNESKOGEN,Rv3 Kvikneskogen,INNLANDET,Norge,62.47633,10.3925,2011-04-13T00:00:00.000Z,
SN89213,FV84 GUMPEN,Fv84 Gumpen,TROMS,Norge,69.0717,17.963,2006-03-15T00:00:00.000Z,
SN670,FV26 SKARVEN,Fv26 Skarven,INNLANDET,Norge,61.8405,11.99283,2011-04-14T00:00:00.000Z,
SN70390,FV72 INNSMOEN,Fv72 Innsmoen,TRØNDELAG,Norge,63.656,12.21433,2011-01-01T00:00:00.000Z,
SN60835,E39 DRAGSUNDET,E39 Dragsundet,MØRE OG ROMSDAL,Norge,62.4913,6.72544,2013-10-07T00:00:00.000Z,
SN44300,SÆRHEIM,Særheim,ROGALAND,Norge,58.7605,5.6508,1987-01-01T00:00:00.000Z,
SN55425,SPØRTEGGBU,Spørteggbu,VESTLAND,Norge,61.5972,7.3892,2017-05-19T00:00:00.000Z,
SN41770,LINDESNES FYR,Lindesnes fyr,AGDER,Norge,57.9815,7.048,1863-01-01T00:00:00.000Z,
SN62450,FINNØYA FERJEKAI,Finnøya ferjekai,MØRE OG ROMSDAL,Norge,62.8042,6.50905,2022-10-26T00:00:00.000Z,
SN88450,SENJA - MEDBY,Medby,TROMS,Norge,69.2805,17.0715,2022-11-04T00:00:00.000Z,
SN19430,E18 SANDVIKA,E18 Sandvika,AKERSHUS,Norge,59.89233,10.54033,2011-03-14T00:00:00.000Z,
SN96220,LEBESBY - KARLMYHR,Lebesby,FINNMARK,Norge,70.58117,26.998,1981-08-01T00:00:00.000Z,
SN98400,MAKKAUR FYR,Makkaur fyr,FINNMARK,Norge,70.7057,30.07,1924-10-17T00:00:00.000Z,
SN53101,VANGSNES,Vangsnes,VESTLAND,Norge,61.1724,6.6452,1993-12-17T00:00:00.000Z,
SN24230,FV288 SOKNA,Fv288 Sokna,BUSKERUD,Norge,60.2225,9.84083,2012-01-01T00:00:00.000Z,
SN51980,MYRKDALEN-ONDRAHAUGEN,Ondrahaugen,VESTLAND,Norge,60.8603,6.4675,2013-11-15T00:00:00.000Z,
SN90720,MÅSVIK,Måsvik,TROMS,Norge,69.9903,18.6938,2003-10-08T00:00:00.000Z,
SN44605,E39 RENNESØY,E39 Rennesøy,ROGALAND,Norge,59.1222,5.68,2013-06-11T00:00:00.000Z,
SN50311,FV49 KVAMSKOGEN,Fv49 Kvamskogen,VESTLAND,Norge,60.38767,5.96683,2011-01-01T00:00:00.000Z,
SN499999010,BLINDERN-KVT-IOT,,,Norge,59.9333,10.7167,2024-11-18T11:59:24.000Z,
SN58350,FV60 UTVIKFJELLET,Fv60 Utvikfjellet,VESTLAND,Norge,61.76683,6.50433,2011-08-24T00:00:00.000Z,
SN71000,STEINKJER - SØNDRE EGGE,Steinkjer,TRØNDELAG,Norge,64.0217,11.4493,1984-05-05T00:00:00.000Z,
SN25540,BAKKO I HOL,Hol,BUSKERUD,Norge,60.6792467,8.0059127,1949-10-22T00:00:00.000Z,
SN91680,VORTERØYA - KÅVIKA,Kåvika,TROMS,Norge,69.96,20.69,2025-01-14T00:00:00.000Z,
SN77029,WEST HERCULES,West Hercules,KONTINENTALSOKKELEN,Norge,,,2018-01-09T00:00:00.000Z,
SN91420,E8 HALSEBAKKAN NEDRE,E8 Halsebakkan nedre,TROMS,Norge,69.2852,20.4657,2017-11-27T00:00:00.000Z,
SN44560,SOLA,Sola,ROGALAND,Norge,58.8843,5.637,1935-05-21T00:00:00.000Z,
SN90400,TROMSØ - HOLT,Tromsø (Holt),TROMS,Norge,69.6538,18.9095,1987-05-04T00:00:00.000Z,
SN85645,E10 AKKARVIKA,E10 Akkarvika,NORDLAND,Norge,67.9627,13.1543,2014-09-11T00:00:00.000Z,
SN40005,RV9 HEKNI,Rv9 Hekni,AGDER,Norge,59.02833,7.548,2014-09-12T00:00:00.000Z,
SN82110,VALNESFJORD,Valnesfjord,NORDLAND,Norge,67.2764164,15.1018235,2014-06-11T00:00:00.000Z,
SN49910,ULVIK - HJELTNES,Hjeltnes,VESTLAND,Norge,60.56173,6.9284391,1966-06-01T00:00:00.000Z,
SN76969,KVITEBJØRNFELTET,Kvitebjørn ,NORDSJØEN,Norge,61.079,2.5063,2004-09-26T00:00:00.000Z,
SN70680,MÆRE III,Mære,TRØNDELAG,Norge,63.9425,11.4255,1921-08-12T00:00:00.000Z,
SN63000,FV62 EIDSØRA,Fv62 Eidsøra,MØRE OG ROMSDAL,Norge,62.79967,8.166,2014-09-11T00:00:00.000Z,
SN75650,SKEI FERJEKAI,Skei ferjekai,TRØNDELAG,Norge,65.08737,11.73793,2024-11-05T00:00:00.000Z,
SN20949,GINA KROG,Gina Krog,NORDSJØEN,Norge,58.5722,1.6968,2017-06-30T00:00:00.000Z,
SN77032,TRANSOCEAN ENABLER,Enabler,KONTINENTALSOKKELEN,Norge,,,2017-03-03T00:00:00.000Z,
SN71550,ØRLAND III,Ørland,TRØNDELAG,Norge,63.7044,9.6104,1954-07-01T00:00:00.000Z,
SN82020,E6 TUSSVIKA,E6 Tussvika,NORDLAND,Norge,67.223,15.4125,2012-01-01T00:00:00.000Z,
SN36560,NELAUG,Nelaug,AGDER,Norge,58.6554085,8.6338445,1966-07-01T00:00:00.000Z,
SN97470,RV92 SUOSSJAVRI,Rv92 Šuoššjávri,FINNMARK,Norge,69.37717,24.20183,2015-11-04T00:00:00.000Z,
SN49865,RV7 SKULEVIKA,Rv7 Skulevika,VESTLAND,Norge,60.39933,7.61483,2015-11-03T00:00:00.000Z,
SN11125,E6 ANDELVA,E6 Andelva,AKERSHUS,Norge,60.2852,11.1358,2013-10-07T00:00:00.000Z,
SN71290,VANVIKAN,Vanvikan,TRØNDELAG,Norge,63.5531,10.2234,2022-01-04T00:00:00.000Z,
SN78360,SELJELIA,Seljelia,NORDLAND,Norge,66.1317,13.5867,2011-10-14T00:00:00.000Z,
SN42930,SIRDAL - SMØLEHEIKNUDEN,Smøleheiknuden,AGDER,Norge,58.9112,6.8112,2021-09-30T00:00:00.000Z,
SN16400,DOVRE-LANNEM,Lannem,INNLANDET,Norge,62.0172,9.2143,2014-11-11T00:00:00.000Z,
SN76933,ORMEN LANGE,Ormen Lange,NORSKEHAVET,Norge,63.49,5.015,2007-09-12T00:00:00.000Z,
SN91010,FV91 BREIVIKEIDET,Fv91 Breivikeidet,TROMS,Norge,69.656,19.56783,2019-02-21T00:00:00.000Z,
SN7940,RENA - SVESTAD,Svestad,INNLANDET,Norge,61.14788,11.35621,2011-04-27T00:00:00.000Z,
SN77005,FF HELMER HANSSEN,FF HelmerHanssen,,Norge,,,1993-06-01T00:00:00.000Z,
SN20931,STATSRAAD LEHMKUHL,Statsraad Lehmkuhl,,Norge,,,1952-05-19T00:00:00.000Z,
SN44563,RV509 SUNDEKROSSEN,Rv509 Sundekrossen,ROGALAND,Norge,58.96217,5.61467,2013-06-11T00:00:00.000Z,
SN490381080,300 KV SAUDA – BLÅFALLI-80,300 kV Sauda – Blåfalli-80,,Norge,59.80151,6.08177,2025-04-22T13:01:10.000Z,
SN35860,LYNGØR FYR,Lyngør fyr,AGDER,Norge,58.6362,9.1478,1920-07-01T00:00:00.000Z,
SN26960,FV319 TANGEN FJORDPARK,Fv319 Tangen Fjordpark,BUSKERUD,Norge,59.684657,10.356999,2026-02-23T00:00:00.000Z,
SN29885,RV7 FAGERHEIM,Rv7 Fagerheim,BUSKERUD,Norge,60.439398,7.789328,2025-10-17T00:00:00.000Z,
SN52458,FV5256 STEINRUSTEN,Fv5256 Steinrusten,VESTLAND,Norge,60.44717,5.20667,2014-12-01T00:00:00.000Z,
SN30235,LARVIK - FUGLØYA,Fugløya,VESTFOLD,Norge,58.980574,9.803816,2024-08-29T00:00:00.000Z,
SN98645,HUBEHYTTA,Hubehytta,FINNMARK,Norge,70.3222,30.0648,2022-09-27T00:00:00.000Z,
SN94500,FRUHOLMEN FYR,Fruholmen fyr,FINNMARK,Norge,71.094447,23.9837577,1867-09-01T00:00:00.000Z,
SN59815,FV5876 RUNDEBRUA,Fv5876 Rundebrua,MØRE OG ROMSDAL,Norge,62.37917,5.6275,2020-09-16T00:00:00.000Z,
SN6020,FLISA II,Flisa,INNLANDET,Norge,60.6142156,12.0125152,2003-11-17T00:00:00.000Z,
SN76960,GRANEFELTET,Grane ,NORDSJØEN,Norge,59.1652,2.4873,2014-01-01T00:00:00.000Z,
SN65530,FV714 HITRA,Fv714 Hitra,TRØNDELAG,Norge,63.554,9.05333,2014-09-11T00:00:00.000Z,
SN58810,RV651 STIGEDALEN,Rv651 Stigedalen,VESTLAND,Norge,61.9405,6.13767,2020-09-16T00:00:00.000Z,
SN92840,MJÅNES FYRLYKT,Mjånes fyrlykt,FINNMARK,Norge,70.329,22.955,2025-11-18T00:00:00.000Z,
SN69280,E14 MEÅDAL,E14 Meådal,TRØNDELAG,Norge,63.46517,11.49567,2013-10-10T00:00:00.000Z,
SN91728,FV7940 ARNØYA,Fv7940 Arnøya,TROMS,Norge,70.06617,20.56467,2013-12-18T00:00:00.000Z,
SN20958,SKARVFELTET,Skarvfeltet,NORSKEHAVET,Norge,65.6967,7.65,2010-01-06T00:00:00.000Z,
SN77041,GUDRUNFELTET,Gudrun,NORDSJØEN,Norge,58.8452,1.7437,2014-04-07T00:00:00.000Z,
SN94455,INGØY FERJEKAI,Ingøy Fergekai,FINNMARK,Norge,71.0846,24.0629,2024-12-12T00:00:00.000Z,
SN84900,BJØRNFJELL,Bjørnfjell,NORDLAND,Norge,68.4323,18.0767,1922-12-08T00:00:00.000Z,
SN490391021,300 KV MAURANGER – SAMNANGER-21,300 kV Mauranger – Samnanger-21,,Norge,60.15048,6.24209,2025-04-25T09:01:13.000Z,
SN60990,VIGRA,Vigra,MØRE OG ROMSDAL,Norge,62.5617,6.115,1958-07-01T00:00:00.000Z,
SN71990,BUHOLMRÅSA FYR,Buholmråsa fyr,TRØNDELAG,Norge,64.4013,10.455,1965-11-01T00:00:00.000Z,
SN45460,FV523 JØRPELAND,Fv523 Jørpeland,ROGALAND,Norge,59.0147,6.049,2013-06-10T00:00:00.000Z,
SN94195,E6 AISAROAIVI,E6 Áisaroaivi,FINNMARK,Norge,70.27833,24.10083,2004-12-24T00:00:00.000Z,
SN54710,FILEFJELL - KYRKJESTØLANE,Filefjell − Kyrkjestølane,INNLANDET,Norge,61.178,8.1125,1967-01-01T00:00:00.000Z,
SN73210,FV74 LIFJELLET,Fv74 Lifjellet,TRØNDELAG,Norge,64.491,13.1005,2014-12-01T00:00:00.000Z,
SN58900,STRYN - KROKEN,Stryn,VESTLAND,Norge,61.9153282,6.5581719,1993-11-01T00:00:00.000Z,
SN81760,RV77 GRADDIS,Rv77 Graddis,NORDLAND,Norge,66.7525,15.82267,2016-11-14T00:00:00.000Z,
SN84380,E6 SKJOMENBRUA,E6 Skjomenbrua,NORDLAND,Norge,68.371,17.24383,2012-01-01T00:00:00.000Z,
SN10380,RØROS LUFTHAVN,Røros,TRØNDELAG,Norge,62.5781,11.3487,1957-08-01T00:00:00.000Z,
SN25112,HEMSEDAL - HOLLEKOLTEN,Hollekolten,BUSKERUD,Norge,60.8705,8.5175,2006-12-06T00:00:00.000Z,
SN30244,E18 VASSBOTN,E18 Vassbotn,VESTFOLD,Norge,59.0727,9.923,2013-06-11T00:00:00.000Z,
SN13655,SKÅBU,Skåbu,INNLANDET,Norge,61.5309793,9.4020874,2011-06-08T00:00:00.000Z,
SN89350,BARDUFOSS,Bardufoss,TROMS,Norge,69.0577,18.5437,1940-07-01T00:00:00.000Z,
SN82720,SISOVATNET,Sisovatnet,NORDLAND,Norge,67.3335,15.8282,2016-12-21T00:00:00.000Z,
SN496228016,HAMANG-BÆRUM-16,Hamang-Bærum-16,,Norge,59.9153,10.5468,2024-10-28T12:57:40.000Z,
SN97120,E6 BARTA,E6 Barta,FINNMARK,Norge,69.7563,26.1457,2013-07-22T00:00:00.000Z,
SN15270,JUVVASSHØE,Juvvasshøe,INNLANDET,Norge,61.6775,8.369,1999-09-17T00:00:00.000Z,
SN94805,E69 VEDBOTN,E69 Vedbotn,FINNMARK,Norge,70.7765,25.6297,2013-07-22T00:00:00.000Z,
