month,vessel_type,tce
1990-01-01,aframax,23936.60365
1990-02-01,aframax,18644.95824
1990-03-01,aframax,16221.47687
1990-04-01,aframax,13890.09607
1990-05-01,aframax,16824.38987
1990-06-01,aframax,15374.94028
1990-07-01,aframax,13776.4552
1990-08-01,aframax,12777.55613
1990-09-01,aframax,12882.49115
1990-10-01,aframax,13123.06715
1990-11-01,aframax,15174.49046
1990-12-01,aframax,17773.46268
1991-01-01,aframax,23171.48487
1991-02-01,aframax,29712.30444
1991-03-01,aframax,22742.16183
1991-04-01,aframax,17133.99957
1991-05-01,aframax,20202.29999
1991-06-01,aframax,19165.81996
1991-07-01,aframax,17457.60648
1991-08-01,aframax,16291.70165
1991-09-01,aframax,15443.80891
1991-10-01,aframax,14735.03801
1991-11-01,aframax,13995.38183
1991-12-01,aframax,13060.53557
1992-01-01,aframax,14774.29888
1992-02-01,aframax,11579.6054
1992-03-01,aframax,11991.41209
1992-04-01,aframax,8553.60934
1992-05-01,aframax,7861.14627
1992-06-01,aframax,7114.28815
1992-07-01,aframax,8684.71647
1992-08-01,aframax,8129.04421
1992-09-01,aframax,8037.23592
1992-10-01,aframax,8952.26499
1992-11-01,aframax,10977.48307
1992-12-01,aframax,14183.3736
1993-01-01,aframax,18264.32342
1993-02-01,aframax,15395.4522
1993-03-01,aframax,15262.71641
1993-04-01,aframax,15871.67096
1993-05-01,aframax,15761.70986
1993-06-01,aframax,18044.80473
1993-07-01,aframax,15845.63904
1993-08-01,aframax,12519.27687
1993-09-01,aframax,12012.0052
1993-10-01,aframax,14743.07493
1993-11-01,aframax,15371.0425
1993-12-01,aframax,14613.27267
1994-01-01,aframax,13214.58479
1994-02-01,aframax,12242.86068
1994-03-01,aframax,12947.66116
1994-04-01,aframax,12955.16756
1994-05-01,aframax,12080.92628
1994-06-01,aframax,11876.98027
1994-07-01,aframax,11487.9895
1994-08-01,aframax,12668.3309
1994-09-01,aframax,13712.34858
1994-10-01,aframax,16046.15308
1994-11-01,aframax,19791.30161
1994-12-01,aframax,19042.10844
1995-01-01,aframax,18160.9606
1995-02-01,aframax,15823.19989
1995-03-01,aframax,14204.61792
1995-04-01,aframax,13658.94071
1995-05-01,aframax,12809.03339
1995-06-01,aframax,13723.26357
1995-07-01,aframax,16036.55463
1995-08-01,aframax,17055.97601
1995-09-01,aframax,14662.63368
1995-10-01,aframax,15833.81
1995-11-01,aframax,13714.35539
1995-12-01,aframax,14019.44671
1996-01-01,aframax,21091.43486
1996-02-01,aframax,22140.65303
1996-03-01,aframax,17961.37947
1996-04-01,aframax,19155.86222
1996-05-01,aframax,18255.84013
1996-06-01,aframax,16786.52489
1996-07-01,aframax,15585.51621
1996-08-01,aframax,14610.12883
1996-09-01,aframax,14063.90805
1996-10-01,aframax,16291.33674
1996-11-01,aframax,15175.3707
1996-12-01,aframax,17220.83051
1997-01-01,aframax,22302.35087
1997-02-01,aframax,20498.60141
1997-03-01,aframax,25572.79686
1997-04-01,aframax,24549.99357
1997-05-01,aframax,22490.3826
1997-06-01,aframax,21619.26261
1997-07-01,aframax,18448.70945
1997-08-01,aframax,18599.46498
1997-09-01,aframax,19038.79066
1997-10-01,aframax,22856.05739
1997-11-01,aframax,19268.12977
1997-12-01,aframax,20858.85269
1998-01-01,aframax,20300.34019
1998-02-01,aframax,16946.57987
1998-03-01,aframax,19461.26589
1998-04-01,aframax,16877.57521
1998-05-01,aframax,15616.42769
1998-06-01,aframax,16399.29415
1998-07-01,aframax,17325.7085
1998-08-01,aframax,15696.32925
1998-09-01,aframax,13465.74007
1998-10-01,aframax,13082.72935
1998-11-01,aframax,14895.42374
1998-12-01,aframax,16303.22288
1999-01-01,aframax,17496.52057
1999-02-01,aframax,14760.42161
1999-03-01,aframax,15676.86872
1999-04-01,aframax,14889.68816
1999-05-01,aframax,13157.23732
1999-06-01,aframax,10670.41473
1999-07-01,aframax,9529.98216
1999-08-01,aframax,9747.64477
1999-09-01,aframax,9718.33145
1999-10-01,aframax,9736.85255
1999-11-01,aframax,11012.01795
1999-12-01,aframax,17334.51262
2000-01-01,aframax,17663.99227
2000-02-01,aframax,22289.85253
2000-03-01,aframax,26044.21218
2000-04-01,aframax,23480.27946
2000-05-01,aframax,27744.56063
2000-06-01,aframax,33214.78748
2000-07-01,aframax,39644.98735
2000-08-01,aframax,41235.11978
2000-09-01,aframax,30206.32826
2000-10-01,aframax,44617.73791
2000-11-01,aframax,46862.17757
2000-12-01,aframax,50163.37673
2001-01-01,aframax,50442.71324
2001-02-01,aframax,44246.9353
2001-03-01,aframax,45954.58427
2001-04-01,aframax,37350.25763
2001-05-01,aframax,29309.12171
2001-06-01,aframax,24543.84761
2001-07-01,aframax,26055.49297
2001-08-01,aframax,27267.67364
2001-09-01,aframax,22044.70002
2001-10-01,aframax,25195.65316
2001-11-01,aframax,20708.46518
2001-12-01,aframax,21494.15485
2002-01-01,aframax,18117.8871
2002-02-01,aframax,16271.00767
2002-03-01,aframax,17426.55357
2002-04-01,aframax,17634.155
2002-05-01,aframax,17838.25381
2002-06-01,aframax,18293.19336
2002-07-01,aframax,17241.25139
2002-08-01,aframax,14025.91456
2002-09-01,aframax,13254.60664
2002-10-01,aframax,18311.04939
2002-11-01,aframax,28863.11864
2002-12-01,aframax,35080.30371
2003-01-01,aframax,34288.3762
2003-02-01,aframax,53758.83216
2003-03-01,aframax,55289.5008
2003-04-01,aframax,32033.41174
2003-05-01,aframax,30818.83428
2003-06-01,aframax,31564.13054
2003-07-01,aframax,22490.42565
2003-08-01,aframax,16881.34527
2003-09-01,aframax,20589.81868
2003-10-01,aframax,28468.46083
2003-11-01,aframax,37040.51574
2003-12-01,aframax,53932.33819
2004-01-01,aframax,61075.38262
2004-02-01,aframax,43274.59763
2004-03-01,aframax,40381.07243
2004-04-01,aframax,27979.5462
2004-05-01,aframax,29604.74511
2004-06-01,aframax,36134.71667
2004-07-01,aframax,35120.25705
2004-08-01,aframax,31930.52948
2004-09-01,aframax,29793.79809
2004-10-01,aframax,79749.50019
2004-11-01,aframax,87862.54317
2004-12-01,aframax,66337.60303
2005-01-01,aframax,49147.70418
2005-02-01,aframax,37888.16084
2005-03-01,aframax,47836.46126
2005-04-01,aframax,35840.34117
2005-05-01,aframax,40719.2099
2005-06-01,aframax,30963.16906
2005-07-01,aframax,26772.87835
2005-08-01,aframax,26842.38457
2005-09-01,aframax,30437.37992
2005-10-01,aframax,66248.30743
2005-11-01,aframax,72732.50654
2005-12-01,aframax,72263.01858
2006-01-01,aframax,55842.9652
2006-02-01,aframax,38321.96856
2006-03-01,aframax,31634.83159
2006-04-01,aframax,23513.8441
2006-05-01,aframax,33086.56514
2006-06-01,aframax,32021.44795
2006-07-01,aframax,43328.90924
2006-08-01,aframax,44607.78097
2006-09-01,aframax,38354.38008
2006-10-01,aframax,49592.23833
2006-11-01,aframax,32181.69588
2006-12-01,aframax,53982.11846
2007-01-01,aframax,49290.20298
2007-02-01,aframax,38789.85276
2007-03-01,aframax,38150.04741
2007-04-01,aframax,38248.06736
2007-05-01,aframax,39139.61306
2007-06-01,aframax,26197.13277
2007-07-01,aframax,28142.28946
2007-08-01,aframax,16042.24434
2007-09-01,aframax,19085.31847
2007-10-01,aframax,23834.8313
2007-11-01,aframax,28494.82601
2007-12-01,aframax,60412.92059
2008-01-01,aframax,43921.88841
2008-02-01,aframax,29621.46262
2008-03-01,aframax,46240.70412
2008-04-01,aframax,58265.0028
2008-05-01,aframax,68463.61322
2008-06-01,aframax,60499.87466
2008-07-01,aframax,65041.17081
2008-08-01,aframax,47413.12898
2008-09-01,aframax,44784.76311
2008-10-01,aframax,42613.24397
2008-11-01,aframax,36776.88178
2008-12-01,aframax,59459.97701
2009-01-01,aframax,25473.58318
2009-02-01,aframax,20610.18585
2009-03-01,aframax,19785.88123
2009-04-01,aframax,10914.15129
2009-05-01,aframax,8969.04026
2009-06-01,aframax,18159.81316
2009-07-01,aframax,7615.55296
2009-08-01,aframax,5186.34185
2009-09-01,aframax,6096.46398
2009-10-01,aframax,9320.9119
2009-11-01,aframax,15520.76457
2009-12-01,aframax,26317.91797
2010-01-01,aframax,23686.5376
2010-02-01,aframax,14648.87333
2010-03-01,aframax,26616.63014
2010-04-01,aframax,17176.86892
2010-05-01,aframax,31468.42293
2010-06-01,aframax,15664.32354
2010-07-01,aframax,15335.63581
2010-08-01,aframax,12645.15899
2010-09-01,aframax,8268.86636
2010-10-01,aframax,10435.14061
2010-11-01,aframax,9516.16204
2010-12-01,aframax,25385.46343
2011-01-01,aframax,7450.34683
2011-02-01,aframax,15556.56955
2011-03-01,aframax,26713.83055
2011-04-01,aframax,13261.16694
2011-05-01,aframax,10820.97959
2011-06-01,aframax,8129.93234
2011-07-01,aframax,8175.96958
2011-08-01,aframax,7967.11481
2011-09-01,aframax,5756.77184
2011-10-01,aframax,16977.92955
2011-11-01,aframax,7109.22575
2011-12-01,aframax,19096.99039
2012-01-01,aframax,17030.64894
2012-02-01,aframax,12316.16593
2012-03-01,aframax,14226.2779
2012-04-01,aframax,13211.89742
2012-05-01,aframax,12100.39876
2012-06-01,aframax,16376.63487
2012-07-01,aframax,12703.96475
2012-08-01,aframax,8878.14927
2012-09-01,aframax,9864.74832
2012-10-01,aframax,9007.05773
2012-11-01,aframax,10440.95778
2012-12-01,aframax,14393.78107
2013-01-01,aframax,12038.23238
2013-02-01,aframax,10569.41493
2013-03-01,aframax,15543.56494
2013-04-01,aframax,18750.95417
2013-05-01,aframax,9457.67927
2013-06-01,aframax,10568.64211
2013-07-01,aframax,12834.30097
2013-08-01,aframax,14754.65338
2013-09-01,aframax,9711.38402
2013-10-01,aframax,12380.61538
2013-11-01,aframax,10391.73826
2013-12-01,aframax,34162.18578
2014-01-01,aframax,51978.69863
2014-02-01,aframax,15227.82159
2014-03-01,aframax,14612.24105
2014-04-01,aframax,16218.72765
2014-05-01,aframax,14112.93488
2014-06-01,aframax,15481.09553
2014-07-01,aframax,29343.26491
2014-08-01,aframax,23745.23762
2014-09-01,aframax,13730.18627
2014-10-01,aframax,21947.26548
2014-11-01,aframax,43201.50562
2014-12-01,aframax,33618.76351
2015-01-01,aframax,42526.95619
2015-02-01,aframax,40097.98185
2015-03-01,aframax,35817.59732
2015-04-01,aframax,39462.38064
2015-05-01,aframax,36057.10707
2015-06-01,aframax,53728.32932
2015-07-01,aframax,34214.97733
2015-08-01,aframax,29342.92752
2015-09-01,aframax,25408.41195
2015-10-01,aframax,32941.85947
2015-11-01,aframax,42301.12287
2015-12-01,aframax,45361.13231
2016-01-01,aframax,33364.78878
2016-02-01,aframax,26472.52874
2016-03-01,aframax,29962.01004
2016-04-01,aframax,26731.6423
2016-05-01,aframax,22822.17748
2016-06-01,aframax,23332.3149
2016-07-01,aframax,16431.67726
2016-08-01,aframax,9612.35072
2016-09-01,aframax,14351.86882
2016-10-01,aframax,14545.90505
2016-11-01,aframax,29225.57179
2016-12-01,aframax,27767.28407
2017-01-01,aframax,22454.51146
2017-02-01,aframax,16230.73349
2017-03-01,aframax,17387.97302
2017-04-01,aframax,14830.57002
2017-05-01,aframax,15632.48331
2017-06-01,aframax,10480.8286
2017-07-01,aframax,7962.63951
2017-08-01,aframax,5778.47869
2017-09-01,aframax,13025.14118
2017-10-01,aframax,19614.12831
2017-11-01,aframax,12064.52413
2017-12-01,aframax,11732.09192
2018-01-01,aframax,11532.67611
2018-02-01,aframax,9206.39153
2018-03-01,aframax,8964.64108
2018-04-01,aframax,6937.39459
2018-05-01,aframax,10184.16143
2018-06-01,aframax,11423.70599
2018-07-01,aframax,14290.50103
2018-08-01,aframax,12891.66495
2018-09-01,aframax,13670.81662
2018-10-01,aframax,22808.59692
2018-11-01,aframax,28607.60971
2018-12-01,aframax,44282.55716
2019-01-01,aframax,30930.99266
2019-02-01,aframax,20909.00201
2019-03-01,aframax,17447.02364
2019-04-01,aframax,11699.77173
2019-05-01,aframax,16910.71085
2019-06-01,aframax,14728.66121
2019-07-01,aframax,11781.15805
2019-08-01,aframax,10550.04155
2019-09-01,aframax,22963.44418
2019-10-01,aframax,53008.06009
2019-11-01,aframax,41074.89898
2019-12-01,aframax,67421.46177
2020-01-01,aframax,51662.95616
2020-02-01,aframax,25960.20081
2020-03-01,aframax,44691.9834
2020-04-01,aframax,52210.78364
2020-05-01,aframax,35378.0201
2020-06-01,aframax,9594.57932
2020-07-01,aframax,9754.27395
2020-08-01,aframax,9960.96991
2020-09-01,aframax,6116.24297
2020-10-01,aframax,4992.12721
2020-11-01,aframax,6934.63192
2020-12-01,aframax,5391.66121
2021-01-01,aframax,3856.37935
2021-02-01,aframax,9781.00655
2021-03-01,aframax,19611.49677
2021-04-01,aframax,8979.24664
2021-05-01,aframax,7411.15682
2021-06-01,aframax,6222.19752
2021-07-01,aframax,3508.57033
2021-08-01,aframax,2868.23442
2021-09-01,aframax,4052.21298
2021-10-01,aframax,8755.43748
2021-11-01,aframax,12065.02836
2021-12-01,aframax,12652.38457
2022-01-01,aframax,10166.73591
2022-02-01,aframax,23582.22031
2022-03-01,aframax,63047.95552
2022-04-01,aframax,74198.31294
2022-05-01,aframax,30427.2986
2022-06-01,aframax,27747.98392
2022-07-01,aframax,50421.4919
2022-08-01,aframax,58990.87419
2022-09-01,aframax,49692.51404
2022-10-01,aframax,66521.80381
2022-11-01,aframax,103833.83088
2022-12-01,aframax,100292.81613
2023-01-01,aframax,76084.16812
2023-02-01,aframax,69279.81608
2023-03-01,aframax,88495.8372
2023-04-01,aframax,57093.64938
2023-05-01,aframax,71286.45628
2023-06-01,aframax,52920.16802
2023-07-01,aframax,42874.94231
2023-08-01,aframax,24406.13501
2023-09-01,aframax,17439.35227
2023-10-01,aframax,55879.3446
2023-11-01,aframax,78888.5885
2023-12-01,aframax,51506.18509
2024-01-01,aframax,73375.32394
2024-02-01,aframax,54590.69486
2024-03-01,aframax,44104.8419
2024-04-01,aframax,48533.15456
2024-05-01,aframax,51447.04176
2024-06-01,aframax,53362.48483
2024-07-01,aframax,40914.4737
2024-08-01,aframax,29926.73353
2024-09-01,aframax,24780.30653
2024-10-01,aframax,43505.9357
2024-11-01,aframax,32316.74233
2024-12-01,aframax,42021.03362
2025-01-01,aframax,28796.80873
2025-02-01,aframax,31700.65772
2025-03-01,aframax,37257.27083
2025-04-01,aframax,56160.81253
2025-05-01,aframax,38749.32715
2025-06-01,aframax,36588.58347
2025-07-01,aframax,32151.52613
2025-08-01,aframax,41268.04509
2025-09-01,aframax,40110.89554
2025-10-01,aframax,53128.98298
2025-11-01,aframax,66176.16025
2025-12-01,aframax,66903.42083
2026-01-01,aframax,71986.68051
1990-01-01,mr,14525.65627
1990-02-01,mr,11347.10924
1990-03-01,mr,9727.58053
1990-04-01,mr,9553.25285
1990-05-01,mr,10394.1641
1990-06-01,mr,11111.15852
1990-07-01,mr,11014.94408
1990-08-01,mr,10707.62554
1990-09-01,mr,11886.79418
1990-10-01,mr,15552.09656
1990-11-01,mr,16395.37338
1990-12-01,mr,14245.15948
1991-01-01,mr,11986.34523
1991-02-01,mr,18764.07436
1991-03-01,mr,19151.68982
1991-04-01,mr,12726.89892
1991-05-01,mr,10937.5572
1991-06-01,mr,8665.65831
1991-07-01,mr,7142.15249
1991-08-01,mr,7042.67333
1991-09-01,mr,7653.03479
1991-10-01,mr,8920.52404
1991-11-01,mr,10024.41145
1991-12-01,mr,11115.59008
1992-01-01,mr,10860.87749
1992-02-01,mr,9513.70283
1992-03-01,mr,8060.75518
1992-04-01,mr,7515.98227
1992-05-01,mr,6881.19934
1992-06-01,mr,6896.62688
1992-07-01,mr,6602.04633
1992-08-01,mr,7062.23721
1992-09-01,mr,6902.5736
1992-10-01,mr,6457.21776
1992-11-01,mr,7431.83287
1992-12-01,mr,9004.09446
1993-01-01,mr,10191.46907
1993-02-01,mr,8377.86108
1993-03-01,mr,8309.13753
1993-04-01,mr,8290.91506
1993-05-01,mr,8065.18753
1993-06-01,mr,7709.67735
1993-07-01,mr,8053.77037
1993-08-01,mr,8315.12409
1993-09-01,mr,10136.16931
1993-10-01,mr,9762.52308
1993-11-01,mr,11635.22948
1993-12-01,mr,12404.4447
1994-01-01,mr,12265.52413
1994-02-01,mr,12083.19463
1994-03-01,mr,12031.87778
1994-04-01,mr,11195.01544
1994-05-01,mr,10401.95059
1994-06-01,mr,9940.46072
1994-07-01,mr,9473.92667
1994-08-01,mr,10195.95672
1994-09-01,mr,10672.29986
1994-10-01,mr,10408.56508
1994-11-01,mr,11154.93698
1994-12-01,mr,14299.4069
1995-01-01,mr,14000.1895
1995-02-01,mr,14190.66968
1995-03-01,mr,12325.37927
1995-04-01,mr,9348.07522
1995-05-01,mr,11623.41499
1995-06-01,mr,12852.4294
1995-07-01,mr,12624.48617
1995-08-01,mr,12342.42364
1995-09-01,mr,10779.74324
1995-10-01,mr,11091.52847
1995-11-01,mr,12799.10396
1995-12-01,mr,14079.31625
1996-01-01,mr,15389.58747
1996-02-01,mr,12993.71668
1996-03-01,mr,14057.94138
1996-04-01,mr,13100.67275
1996-05-01,mr,12589.08785
1996-06-01,mr,11791.99459
1996-07-01,mr,10364.3724
1996-08-01,mr,9671.23215
1996-09-01,mr,9555.86072
1996-10-01,mr,10673.07613
1996-11-01,mr,10047.74118
1996-12-01,mr,14568.41513
1997-01-01,mr,19866.3688
1997-02-01,mr,17671.06732
1997-03-01,mr,16489.16517
1997-04-01,mr,15729.98368
1997-05-01,mr,14750.37215
1997-06-01,mr,12015.0993
1997-07-01,mr,11445.49087
1997-08-01,mr,12230.28329
1997-09-01,mr,11631.16176
1997-10-01,mr,10227.65265
1997-11-01,mr,10842.57507
1997-12-01,mr,13224.94735
1998-01-01,mr,11723.57641
1998-02-01,mr,12477.96347
1998-03-01,mr,12362.43849
1998-04-01,mr,11347.48662
1998-05-01,mr,11640.04499
1998-06-01,mr,11410.63202
1998-07-01,mr,12098.12413
1998-08-01,mr,11015.30826
1998-09-01,mr,10599.96251
1998-10-01,mr,10646.34981
1998-11-01,mr,13412.80842
1998-12-01,mr,14503.48397
1999-01-01,mr,10733.2245
1999-02-01,mr,9564.93192
1999-03-01,mr,9144.87766
1999-04-01,mr,10057.53477
1999-05-01,mr,9590.6359
1999-06-01,mr,10332.25134
1999-07-01,mr,10297.63667
1999-08-01,mr,9070.80568
1999-09-01,mr,8540.68968
1999-10-01,mr,8094.82276
1999-11-01,mr,7582.32745
1999-12-01,mr,8731.22469
2000-01-01,mr,9723.52741
2000-02-01,mr,11851.34685
2000-03-01,mr,12107.71897
2000-04-01,mr,13102.26838
2000-05-01,mr,13222.38624
2000-06-01,mr,13582.67488
2000-07-01,mr,15163.79539
2000-08-01,mr,16910.77546
2000-09-01,mr,17783.30238
2000-10-01,mr,18508.28794
2000-11-01,mr,19354.61998
2000-12-01,mr,29387.54866
2001-01-01,mr,35358.76172
2001-02-01,mr,32490.47737
2001-03-01,mr,23043.84027
2001-04-01,mr,20654.72334
2001-05-01,mr,22182.61789
2001-06-01,mr,21834.39273
2001-07-01,mr,17816.59861
2001-08-01,mr,15918.7951
2001-09-01,mr,15309.52449
2001-10-01,mr,16954.95115
2001-11-01,mr,13455.8933
2001-12-01,mr,10930.96189
2002-01-01,mr,10802.67819
2002-02-01,mr,11478.05962
2002-03-01,mr,11456.86499
2002-04-01,mr,11330.65222
2002-05-01,mr,11122.58864
2002-06-01,mr,11455.00793
2002-07-01,mr,11653.33377
2002-08-01,mr,11577.69621
2002-09-01,mr,9985.08716
2002-10-01,mr,9526.64169
2002-11-01,mr,12371.92835
2002-12-01,mr,16981.54637
2003-01-01,mr,16551.91993
2003-02-01,mr,17472.06234
2003-03-01,mr,25398.05672
2003-04-01,mr,25128.37158
2003-05-01,mr,16198.36668
2003-06-01,mr,13293.39528
2003-07-01,mr,16072.89362
2003-08-01,mr,18251.2266
2003-09-01,mr,15402.07585
2003-10-01,mr,12510.6525
2003-11-01,mr,16098.77351
2003-12-01,mr,20044.8328
2004-01-01,mr,26102.60638
2004-02-01,mr,35837.3873
2004-03-01,mr,31752.45549
2004-04-01,mr,20719.84756
2004-05-01,mr,21886.69928
2004-06-01,mr,25698.76713
2004-07-01,mr,22842.48009
2004-08-01,mr,20904.2165
2004-09-01,mr,22887.69189
2004-10-01,mr,29026.576
2004-11-01,mr,39625.62745
2004-12-01,mr,36648.05456
2005-01-01,mr,33337.96127
2005-02-01,mr,28105.24598
2005-03-01,mr,30837.57743
2005-04-01,mr,27328.76037
2005-05-01,mr,23113.84714
2005-06-01,mr,19472.63054
2005-07-01,mr,22274.43168
2005-08-01,mr,20156.37426
2005-09-01,mr,37700.27164
2005-10-01,mr,42098.61628
2005-11-01,mr,31884.8958
2005-12-01,mr,29559.97605
2006-01-01,mr,40833.85183
2006-02-01,mr,30693.49406
2006-03-01,mr,19139.5402
2006-04-01,mr,20454.4571
2006-05-01,mr,25223.36826
2006-06-01,mr,23429.89714
2006-07-01,mr,26363.22021
2006-08-01,mr,29906.41693
2006-09-01,mr,27085.68362
2006-10-01,mr,20049.20979
2006-11-01,mr,14792.97646
2006-12-01,mr,29333.35071
2007-01-01,mr,27215.42542
2007-02-01,mr,24856.44857
2007-03-01,mr,30323.80234
2007-04-01,mr,27178.16693
2007-05-01,mr,30135.78158
2007-06-01,mr,26779.25123
2007-07-01,mr,22716.58365
2007-08-01,mr,18590.83871
2007-09-01,mr,17747.76055
2007-10-01,mr,15129.32431
2007-11-01,mr,18336.40747
2007-12-01,mr,25179.25086
2008-01-01,mr,21540.42512
2008-02-01,mr,17105.52912
2008-03-01,mr,18438.47995
2008-04-01,mr,18491.94127
2008-05-01,mr,23492.59552
2008-06-01,mr,27809.41901
2008-07-01,mr,22658.00251
2008-08-01,mr,23622.8884
2008-09-01,mr,25476.39587
2008-10-01,mr,21003.06679
2008-11-01,mr,17886.87422
2008-12-01,mr,16351.35206
2009-01-01,mr,16328.34557
2009-02-01,mr,16995.91006
2009-03-01,mr,11142.55732
2009-04-01,mr,5253.78715
2009-05-01,mr,8452.09801
2009-06-01,mr,6619.75471
2009-07-01,mr,6090.91347
2009-08-01,mr,5429.55221
2009-09-01,mr,7538.07286
2009-10-01,mr,7122.8344
2009-11-01,mr,6274.98049
2009-12-01,mr,12534.43037
2010-01-01,mr,14309.67098
2010-02-01,mr,10469.31184
2010-03-01,mr,9611.53737
2010-04-01,mr,8067.68768
2010-05-01,mr,11790.7381
2010-06-01,mr,10138.24693
2010-07-01,mr,12403.33862
2010-08-01,mr,11873.15878
2010-09-01,mr,11153.53794
2010-10-01,mr,7929.56173
2010-11-01,mr,8671.49307
2010-12-01,mr,11397.30178
2011-01-01,mr,10506.93097
2011-02-01,mr,8086.33767
2011-03-01,mr,11463.20198
2011-04-01,mr,12798.90959
2011-05-01,mr,12706.22304
2011-06-01,mr,9780.7805
2011-07-01,mr,8397.63375
2011-08-01,mr,11301.25049
2011-09-01,mr,10166.89585
2011-10-01,mr,10199.40467
2011-11-01,mr,9363.92646
2011-12-01,mr,12516.09352
2012-01-01,mr,10363.01755
2012-02-01,mr,7960.7022
2012-03-01,mr,8671.74051
2012-04-01,mr,9754.52701
2012-05-01,mr,11124.03324
2012-06-01,mr,9471.69785
2012-07-01,mr,7992.07313
2012-08-01,mr,7827.47622
2012-09-01,mr,9321.89582
2012-10-01,mr,11509.18454
2012-11-01,mr,15686.40729
2012-12-01,mr,17562.65071
2013-01-01,mr,17892.84094
2013-02-01,mr,16302.01724
2013-03-01,mr,16074.19998
2013-04-01,mr,15804.95602
2013-05-01,mr,14318.25501
2013-06-01,mr,12626.69425
2013-07-01,mr,13474.06282
2013-08-01,mr,9943.54432
2013-09-01,mr,11360.10966
2013-10-01,mr,9376.34052
2013-11-01,mr,9961.83453
2013-12-01,mr,12892.8457
2014-01-01,mr,10595.0554
2014-02-01,mr,10294.10734
2014-03-01,mr,10141.90835
2014-04-01,mr,9323.32947
2014-05-01,mr,8871.84306
2014-06-01,mr,9110.45852
2014-07-01,mr,8818.35952
2014-08-01,mr,9061.40923
2014-09-01,mr,11759.05457
2014-10-01,mr,15940.83763
2014-11-01,mr,20531.92543
2014-12-01,mr,25116.75001
2015-01-01,mr,21510.81451
2015-02-01,mr,18175.85445
2015-03-01,mr,22540.43035
2015-04-01,mr,20657.84559
2015-05-01,mr,20753.45068
2015-06-01,mr,23908.60443
2015-07-01,mr,27248.16104
2015-08-01,mr,24805.55373
2015-09-01,mr,21755.97181
2015-10-01,mr,16376.91939
2015-11-01,mr,19441.22345
2015-12-01,mr,19612.9502
2016-01-01,mr,17826.67589
2016-02-01,mr,15715.16897
2016-03-01,mr,15742.21667
2016-04-01,mr,14492.96078
2016-05-01,mr,13130.20523
2016-06-01,mr,10685.83703
2016-07-01,mr,11155.22097
2016-08-01,mr,10270.1739
2016-09-01,mr,8410.11612
2016-10-01,mr,7201.47363
2016-11-01,mr,9637.54306
2016-12-01,mr,10722.91697
2017-01-01,mr,11666.92642
2017-02-01,mr,8911.83716
2017-03-01,mr,12157.64405
2017-04-01,mr,10687.88521
2017-05-01,mr,8170.1898
2017-06-01,mr,9894.53566
2017-07-01,mr,8980.15185
2017-08-01,mr,9651.95647
2017-09-01,mr,10997.95468
2017-10-01,mr,8924.20355
2017-11-01,mr,10113.49728
2017-12-01,mr,11552.30114
2018-01-01,mr,9474.72056
2018-02-01,mr,9614.94316
2018-03-01,mr,10595.43421
2018-04-01,mr,9670.28332
2018-05-01,mr,8348.42426
2018-06-01,mr,6137.13942
2018-07-01,mr,7302.39815
2018-08-01,mr,6209.68159
2018-09-01,mr,5354.99943
2018-10-01,mr,5544.11448
2018-11-01,mr,10040.25228
2018-12-01,mr,17208.48039
2019-01-01,mr,15570.3724
2019-02-01,mr,12404.33471
2019-03-01,mr,12857.76799
2019-04-01,mr,11591.00863
2019-05-01,mr,10781.73665
2019-06-01,mr,11794.93185
2019-07-01,mr,8960.23067
2019-08-01,mr,11133.40509
2019-09-01,mr,9768.37816
2019-10-01,mr,17275.28302
2019-11-01,mr,19919.81127
2019-12-01,mr,22895.68433
2020-01-01,mr,18632.5233
2020-02-01,mr,14588.15452
2020-03-01,mr,23297.34731
2020-04-01,mr,37313.48622
2020-05-01,mr,30763.51513
2020-06-01,mr,10967.299
2020-07-01,mr,9360.17269
2020-08-01,mr,10508.09714
2020-09-01,mr,7244.6925
2020-10-01,mr,6198.301
2020-11-01,mr,5272.58702
2020-12-01,mr,7883.123
2021-01-01,mr,6516.68939
2021-02-01,mr,4690.75195
2021-03-01,mr,7766.05434
2021-04-01,mr,6986.13688
2021-05-01,mr,8382.02385
2021-06-01,mr,5243.96092
2021-07-01,mr,4054.8032
2021-08-01,mr,7939.4221
2021-09-01,mr,5871.97518
2021-10-01,mr,5208.26092
2021-11-01,mr,7341.8802
2021-12-01,mr,10889.80711
2022-01-01,mr,6822.20465
2022-02-01,mr,8239.46828
2022-03-01,mr,14184.32236
2022-04-01,mr,26848.02917
2022-05-01,mr,36601.87932
2022-06-01,mr,39512.36615
2022-07-01,mr,41866.43126
2022-08-01,mr,34418.66566
2022-09-01,mr,42257.51338
2022-10-01,mr,32641.40144
2022-11-01,mr,40282.87282
2022-12-01,mr,49328.60669
2023-01-01,mr,24929.47628
2023-02-01,mr,36553.41292
2023-03-01,mr,32237.20903
2023-04-01,mr,31555.51893
2023-05-01,mr,27218.46268
2023-06-01,mr,24213.55266
2023-07-01,mr,23038.27923
2023-08-01,mr,27658.17651
2023-09-01,mr,28382.70841
2023-10-01,mr,26284.34386
2023-11-01,mr,29158.99008
2023-12-01,mr,34955.591
2024-01-01,mr,30522.04869
2024-02-01,mr,36909.28965
2024-03-01,mr,37120.3781
2024-04-01,mr,31786.40432
2024-05-01,mr,36918.80174
2024-06-01,mr,36195.50159
2024-07-01,mr,28014.31021
2024-08-01,mr,20123.57908
2024-09-01,mr,17296.68994
2024-10-01,mr,18119.28699
2024-11-01,mr,15324.28208
2024-12-01,mr,21588.38731
2025-01-01,mr,16626.72674
2025-02-01,mr,17410.45812
2025-03-01,mr,21347.09221
2025-04-01,mr,19262.39989
2025-05-01,mr,19647.84249
2025-06-01,mr,22939.25808
2025-07-01,mr,19372.14346
2025-08-01,mr,24013.4781
2025-09-01,mr,19454.19518
2025-10-01,mr,21809.98163
2025-11-01,mr,24907.29537
2025-12-01,mr,24481.15742
2026-01-01,mr,24811.39473
1990-01-01,suezmax,20423.4631
1990-02-01,suezmax,15130.81142
1990-03-01,suezmax,18134.40507
1990-04-01,suezmax,18132.24943
1990-05-01,suezmax,17683.66188
1990-06-01,suezmax,15886.58253
1990-07-01,suezmax,16621.03977
1990-08-01,suezmax,11779.9853
1990-09-01,suezmax,10896.34422
1990-10-01,suezmax,11986.48808
1990-11-01,suezmax,15469.98773
1990-12-01,suezmax,18985.98306
1991-01-01,suezmax,20013.0893
1991-02-01,suezmax,31630.73791
1991-03-01,suezmax,21390.49629
1991-04-01,suezmax,19207.95912
1991-05-01,suezmax,24425.7345
1991-06-01,suezmax,23310.03382
1991-07-01,suezmax,25323.82394
1991-08-01,suezmax,18880.44844
1991-09-01,suezmax,14798.74968
1991-10-01,suezmax,14294.55999
1991-11-01,suezmax,14304.60344
1991-12-01,suezmax,11844.48289
1992-01-01,suezmax,15308.07082
1992-02-01,suezmax,10462.3396
1992-03-01,suezmax,14067.51315
1992-04-01,suezmax,10369.20971
1992-05-01,suezmax,9335.65058
1992-06-01,suezmax,7878.99005
1992-07-01,suezmax,8090.9693
1992-08-01,suezmax,7461.15699
1992-09-01,suezmax,7771.69793
1992-10-01,suezmax,9943.7334
1992-11-01,suezmax,11265.02428
1992-12-01,suezmax,16682.63098
1993-01-01,suezmax,17632.62341
1993-02-01,suezmax,19690.00189
1993-03-01,suezmax,19592.52699
1993-04-01,suezmax,17598.58864
1993-05-01,suezmax,16190.01031
1993-06-01,suezmax,17131.5954
1993-07-01,suezmax,17109.31492
1993-08-01,suezmax,14505.60074
1993-09-01,suezmax,12558.13953
1993-10-01,suezmax,13925.98332
1993-11-01,suezmax,17302.73154
1993-12-01,suezmax,17385.80245
1994-01-01,suezmax,12284.22338
1994-02-01,suezmax,12027.52695
1994-03-01,suezmax,14345.94031
1994-04-01,suezmax,16587.90777
1994-05-01,suezmax,12924.92072
1994-06-01,suezmax,13111.47301
1994-07-01,suezmax,13434.27143
1994-08-01,suezmax,12502.94887
1994-09-01,suezmax,16580.84635
1994-10-01,suezmax,14703.94891
1994-11-01,suezmax,17928.07431
1994-12-01,suezmax,18318.44717
1995-01-01,suezmax,15512.23375
1995-02-01,suezmax,14782.32445
1995-03-01,suezmax,16610.31813
1995-04-01,suezmax,13685.48979
1995-05-01,suezmax,14819.00373
1995-06-01,suezmax,15305.76319
1995-07-01,suezmax,21326.79449
1995-08-01,suezmax,15884.14538
1995-09-01,suezmax,17050.31998
1995-10-01,suezmax,16171.47705
1995-11-01,suezmax,17289.34854
1995-12-01,suezmax,19201.55223
1996-01-01,suezmax,20060.45773
1996-02-01,suezmax,20861.6165
1996-03-01,suezmax,20545.77862
1996-04-01,suezmax,20660.54028
1996-05-01,suezmax,21114.87213
1996-06-01,suezmax,21010.48529
1996-07-01,suezmax,20888.41156
1996-08-01,suezmax,20079.63039
1996-09-01,suezmax,16872.92315
1996-10-01,suezmax,20530.74555
1996-11-01,suezmax,21387.88197
1996-12-01,suezmax,19629.1103
1997-01-01,suezmax,20955.84074
1997-02-01,suezmax,24188.52382
1997-03-01,suezmax,28060.95714
1997-04-01,suezmax,25586.751
1997-05-01,suezmax,25463.09658
1997-06-01,suezmax,23162.31814
1997-07-01,suezmax,21471.94603
1997-08-01,suezmax,24516.82558
1997-09-01,suezmax,29247.8828
1997-10-01,suezmax,25930.80127
1997-11-01,suezmax,26811.89968
1997-12-01,suezmax,29247.3905
1998-01-01,suezmax,28443.32622
1998-02-01,suezmax,22782.66769
1998-03-01,suezmax,28842.3488
1998-04-01,suezmax,24939.66298
1998-05-01,suezmax,22299.18986
1998-06-01,suezmax,23998.68632
1998-07-01,suezmax,26054.55638
1998-08-01,suezmax,21954.16006
1998-09-01,suezmax,15836.48335
1998-10-01,suezmax,17966.43537
1998-11-01,suezmax,19475.24439
1998-12-01,suezmax,21228.77344
1999-01-01,suezmax,18745.51321
1999-02-01,suezmax,22392.74699
1999-03-01,suezmax,21190.42645
1999-04-01,suezmax,17637.45721
1999-05-01,suezmax,13433.45501
1999-06-01,suezmax,12851.68383
1999-07-01,suezmax,15801.13777
1999-08-01,suezmax,8317.86313
1999-09-01,suezmax,10638.23797
1999-10-01,suezmax,15400.53153
1999-11-01,suezmax,13652.24592
1999-12-01,suezmax,23897.24839
2000-01-01,suezmax,22963.99495
2000-02-01,suezmax,27139.44707
2000-03-01,suezmax,28575.04413
2000-04-01,suezmax,33767.06622
2000-05-01,suezmax,35200.83553
2000-06-01,suezmax,42984.54487
2000-07-01,suezmax,61430.90619
2000-08-01,suezmax,48796.45261
2000-09-01,suezmax,53359.23006
2000-10-01,suezmax,65544.31307
2000-11-01,suezmax,57857.12194
2000-12-01,suezmax,66181.3685
2001-01-01,suezmax,65135.57376
2001-02-01,suezmax,35860.66143
2001-03-01,suezmax,53336.44729
2001-04-01,suezmax,42011.15959
2001-05-01,suezmax,37337.47618
2001-06-01,suezmax,24851.31618
2001-07-01,suezmax,31276.26014
2001-08-01,suezmax,28023.0438
2001-09-01,suezmax,25345.91295
2001-10-01,suezmax,28134.24559
2001-11-01,suezmax,18631.96792
2001-12-01,suezmax,19095.76732
2002-01-01,suezmax,15808.81044
2002-02-01,suezmax,13805.68076
2002-03-01,suezmax,17088.11492
2002-04-01,suezmax,17096.67837
2002-05-01,suezmax,15294.63522
2002-06-01,suezmax,16132.47134
2002-07-01,suezmax,15047.7971
2002-08-01,suezmax,12505.64493
2002-09-01,suezmax,12382.50446
2002-10-01,suezmax,21864.56162
2002-11-01,suezmax,37205.28502
2002-12-01,suezmax,42187.1115
2003-01-01,suezmax,57638.52682
2003-02-01,suezmax,60352.14665
2003-03-01,suezmax,60541.58389
2003-04-01,suezmax,33765.62752
2003-05-01,suezmax,41655.68433
2003-06-01,suezmax,45215.24923
2003-07-01,suezmax,15972.24429
2003-08-01,suezmax,17464.30892
2003-09-01,suezmax,23240.7345
2003-10-01,suezmax,33842.69283
2003-11-01,suezmax,42863.8942
2003-12-01,suezmax,71225.98715
2004-01-01,suezmax,90303.71606
2004-02-01,suezmax,53536.47243
2004-03-01,suezmax,52015.96872
2004-04-01,suezmax,46535.85891
2004-05-01,suezmax,46443.36556
2004-06-01,suezmax,51579.7636
2004-07-01,suezmax,56820.60389
2004-08-01,suezmax,52207.3746
2004-09-01,suezmax,49607.71061
2004-10-01,suezmax,103985.96429
2004-11-01,suezmax,140515.83679
2004-12-01,suezmax,88868.93182
2005-01-01,suezmax,55689.58373
2005-02-01,suezmax,67864.50237
2005-03-01,suezmax,67405.01878
2005-04-01,suezmax,43334.58488
2005-05-01,suezmax,46835.54099
2005-06-01,suezmax,39842.5708
2005-07-01,suezmax,33892.62652
2005-08-01,suezmax,32274.29983
2005-09-01,suezmax,38881.65695
2005-10-01,suezmax,70904.91405
2005-11-01,suezmax,89798.35412
2005-12-01,suezmax,101944.63799
2006-01-01,suezmax,65093.53655
2006-02-01,suezmax,71428.8395
2006-03-01,suezmax,42988.668
2006-04-01,suezmax,34354.41355
2006-05-01,suezmax,48082.79234
2006-06-01,suezmax,52787.50488
2006-07-01,suezmax,55025.10642
2006-08-01,suezmax,69406.95772
2006-09-01,suezmax,57209.1529
2006-10-01,suezmax,57746.356
2006-11-01,suezmax,43036.2346
2006-12-01,suezmax,58648.75814
2007-01-01,suezmax,55715.15941
2007-02-01,suezmax,47586.05808
2007-03-01,suezmax,50291.80432
2007-04-01,suezmax,50503.72215
2007-05-01,suezmax,40591.31689
2007-06-01,suezmax,36553.28287
2007-07-01,suezmax,28968.78272
2007-08-01,suezmax,20481.88259
2007-09-01,suezmax,19222.37637
2007-10-01,suezmax,28007.82241
2007-11-01,suezmax,42007.12602
2007-12-01,suezmax,107418.37878
2008-01-01,suezmax,70807.14264
2008-02-01,suezmax,40926.32184
2008-03-01,suezmax,70405.28393
2008-04-01,suezmax,85819.28372
2008-05-01,suezmax,109915.54381
2008-06-01,suezmax,86549.2335
2008-07-01,suezmax,117643.39297
2008-08-01,suezmax,63865.11448
2008-09-01,suezmax,57111.3491
2008-10-01,suezmax,62321.52071
2008-11-01,suezmax,60436.1972
2008-12-01,suezmax,65164.07062
2009-01-01,suezmax,42032.78333
2009-02-01,suezmax,31546.51052
2009-03-01,suezmax,39448.52431
2009-04-01,suezmax,19039.02839
2009-05-01,suezmax,20025.13579
2009-06-01,suezmax,29714.67721
2009-07-01,suezmax,12160.8359
2009-08-01,suezmax,11699.77648
2009-09-01,suezmax,18040.21161
2009-10-01,suezmax,22656.01699
2009-11-01,suezmax,31197.25271
2009-12-01,suezmax,32752.51049
2010-01-01,suezmax,41868.60258
2010-02-01,suezmax,25249.24663
2010-03-01,suezmax,29779.53948
2010-04-01,suezmax,31949.06577
2010-05-01,suezmax,42117.81863
2010-06-01,suezmax,31043.33428
2010-07-01,suezmax,23290.98254
2010-08-01,suezmax,17897.22198
2010-09-01,suezmax,11727.6918
2010-10-01,suezmax,20310.59155
2010-11-01,suezmax,23505.73725
2010-12-01,suezmax,32418.15846
2011-01-01,suezmax,11835.87578
2011-02-01,suezmax,19306.64629
2011-03-01,suezmax,42655.07492
2011-04-01,suezmax,19985.81342
2011-05-01,suezmax,17518.26419
2011-06-01,suezmax,8616.11985
2011-07-01,suezmax,10352.36706
2011-08-01,suezmax,8552.31989
2011-09-01,suezmax,11227.21317
2011-10-01,suezmax,32602.76233
2011-11-01,suezmax,13615.42342
2011-12-01,suezmax,23478.39639
2012-01-01,suezmax,29799.32098
2012-02-01,suezmax,20866.46319
2012-03-01,suezmax,23345.82987
2012-04-01,suezmax,13709.14581
2012-05-01,suezmax,26059.79879
2012-06-01,suezmax,19618.55145
2012-07-01,suezmax,17180.15752
2012-08-01,suezmax,8055.0794
2012-09-01,suezmax,6148.20697
2012-10-01,suezmax,10327.7487
2012-11-01,suezmax,10264.15249
2012-12-01,suezmax,19107.47976
2013-01-01,suezmax,13879.06716
2013-02-01,suezmax,11365.91085
2013-03-01,suezmax,17701.16848
2013-04-01,suezmax,17578.37366
2013-05-01,suezmax,12200.05018
2013-06-01,suezmax,6127.7667
2013-07-01,suezmax,13890.72463
2013-08-01,suezmax,15051.61259
2013-09-01,suezmax,5331.29962
2013-10-01,suezmax,7783.07195
2013-11-01,suezmax,15334.93848
2013-12-01,suezmax,50322.54929
2014-01-01,suezmax,57662.35554
2014-02-01,suezmax,14462.70928
2014-03-01,suezmax,14343.73354
2014-04-01,suezmax,11750.82826
2014-05-01,suezmax,14368.37516
2014-06-01,suezmax,22095.17595
2014-07-01,suezmax,33876.89648
2014-08-01,suezmax,21652.23286
2014-09-01,suezmax,14878.87778
2014-10-01,suezmax,29890.26766
2014-11-01,suezmax,50048.27419
2014-12-01,suezmax,45354.00386
2015-01-01,suezmax,53776.09149
2015-02-01,suezmax,45587.09395
2015-03-01,suezmax,51171.10232
2015-04-01,suezmax,39122.4589
2015-05-01,suezmax,47471.40999
2015-06-01,suezmax,54037.48105
2015-07-01,suezmax,44067.30478
2015-08-01,suezmax,31717.08604
2015-09-01,suezmax,33848.49475
2015-10-01,suezmax,44965.21897
2015-11-01,suezmax,57445.28744
2015-12-01,suezmax,56490.62119
2016-01-01,suezmax,46763.48146
2016-02-01,suezmax,33946.18146
2016-03-01,suezmax,30818.45699
2016-04-01,suezmax,32138.13225
2016-05-01,suezmax,25184.80516
2016-06-01,suezmax,26363.57189
2016-07-01,suezmax,16791.16595
2016-08-01,suezmax,6162.21147
2016-09-01,suezmax,21700.52686
2016-10-01,suezmax,23046.1821
2016-11-01,suezmax,29003.6186
2016-12-01,suezmax,35199.42272
2017-01-01,suezmax,23297.18775
2017-02-01,suezmax,12591.83317
2017-03-01,suezmax,22482.71777
2017-04-01,suezmax,17468.9371
2017-05-01,suezmax,16912.09678
2017-06-01,suezmax,10069.98368
2017-07-01,suezmax,9900.29
2017-08-01,suezmax,10278.74524
2017-09-01,suezmax,11536.43338
2017-10-01,suezmax,18357.51579
2017-11-01,suezmax,16346.85318
2017-12-01,suezmax,16323.92388
2018-01-01,suezmax,6254.06169
2018-02-01,suezmax,5669.35832
2018-03-01,suezmax,7590.95075
2018-04-01,suezmax,8419.91497
2018-05-01,suezmax,11140.26696
2018-06-01,suezmax,11296.98178
2018-07-01,suezmax,11026.98039
2018-08-01,suezmax,10243.26867
2018-09-01,suezmax,13509.70636
2018-10-01,suezmax,23110.79076
2018-11-01,suezmax,45123.03111
2018-12-01,suezmax,42108.41411
2019-01-01,suezmax,35369.03038
2019-02-01,suezmax,20497.95068
2019-03-01,suezmax,10922.14498
2019-04-01,suezmax,14107.36221
2019-05-01,suezmax,12279.00897
2019-06-01,suezmax,20675.10087
2019-07-01,suezmax,14373.83652
2019-08-01,suezmax,15422.23732
2019-09-01,suezmax,20304.38603
2019-10-01,suezmax,101842.59349
2019-11-01,suezmax,50848.82383
2019-12-01,suezmax,71267.41885
2020-01-01,suezmax,60491.09451
2020-02-01,suezmax,29368.61817
2020-03-01,suezmax,73770.30565
2020-04-01,suezmax,87575.44195
2020-05-01,suezmax,40880.85185
2020-06-01,suezmax,14967.31967
2020-07-01,suezmax,14088.50043
2020-08-01,suezmax,13556.28275
2020-09-01,suezmax,8576.88749
2020-10-01,suezmax,4866.54768
2020-11-01,suezmax,8287.40508
2020-12-01,suezmax,6608.27071
2021-01-01,suezmax,6373.48021
2021-02-01,suezmax,9288.70442
2021-03-01,suezmax,12566.53517
2021-04-01,suezmax,8871.42317
2021-05-01,suezmax,3229.80644
2021-06-01,suezmax,2504.91954
2021-07-01,suezmax,3271.48564
2021-08-01,suezmax,4919.47923
2021-09-01,suezmax,4664.34574
2021-10-01,suezmax,11033.32173
2021-11-01,suezmax,9753.15249
2021-12-01,suezmax,10696.65661
2022-01-01,suezmax,6069.75806
2022-02-01,suezmax,13971.32053
2022-03-01,suezmax,29956.75003
2022-04-01,suezmax,50197.3841
2022-05-01,suezmax,17578.82236
2022-06-01,suezmax,19973.16372
2022-07-01,suezmax,40670.37971
2022-08-01,suezmax,47381.18095
2022-09-01,suezmax,50831.14041
2022-10-01,suezmax,65574.492
2022-11-01,suezmax,93753.01986
2022-12-01,suezmax,83868.51528
2023-01-01,suezmax,71274.28368
2023-02-01,suezmax,67181.79798
2023-03-01,suezmax,81484.47013
2023-04-01,suezmax,59973.16355
2023-05-01,suezmax,63465.91433
2023-06-01,suezmax,53771.53295
2023-07-01,suezmax,40620.63804
2023-08-01,suezmax,29400.9591
2023-09-01,suezmax,24765.01612
2023-10-01,suezmax,53341.26315
2023-11-01,suezmax,67166.38279
2023-12-01,suezmax,58844.97673
2024-01-01,suezmax,63851.29535
2024-02-01,suezmax,56186.27268
2024-03-01,suezmax,48991.81988
2024-04-01,suezmax,50961.87258
2024-05-01,suezmax,52536.28688
2024-06-01,suezmax,54080.23958
2024-07-01,suezmax,44371.90031
2024-08-01,suezmax,33543.9937
2024-09-01,suezmax,35573.69929
2024-10-01,suezmax,49616.29802
2024-11-01,suezmax,39992.39282
2024-12-01,suezmax,39975.72438
2025-01-01,suezmax,32929.01664
2025-02-01,suezmax,44414.04413
2025-03-01,suezmax,50948.03583
2025-04-01,suezmax,56880.35941
2025-05-01,suezmax,43335.98697
2025-06-01,suezmax,40048.72224
2025-07-01,suezmax,37961.98991
2025-08-01,suezmax,55012.24433
2025-09-01,suezmax,60272.73915
2025-10-01,suezmax,66987.03484
2025-11-01,suezmax,88573.87196
2025-12-01,suezmax,79145.02409
2026-01-01,suezmax,87701.77813
1990-01-01,vlcc,28850.23197
1990-02-01,vlcc,26123.81246
1990-03-01,vlcc,39043.52583
1990-04-01,vlcc,33334.99015
1990-05-01,vlcc,24233.39851
1990-06-01,vlcc,24764.07919
1990-07-01,vlcc,30259.41505
1990-08-01,vlcc,23559.49304
1990-09-01,vlcc,26773.06796
1990-10-01,vlcc,20871.28453
1990-11-01,vlcc,27460.09122
1990-12-01,vlcc,40725.72655
1991-01-01,vlcc,43427.08169
1991-02-01,vlcc,61925.18555
1991-03-01,vlcc,37062.11607
1991-04-01,vlcc,23255.77442
1991-05-01,vlcc,41940.99462
1991-06-01,vlcc,51480.0581
1991-07-01,vlcc,32627.79606
1991-08-01,vlcc,33431.44497
1991-09-01,vlcc,27897.65462
1991-10-01,vlcc,32134.52672
1991-11-01,vlcc,30660.09005
1991-12-01,vlcc,21319.34843
1992-01-01,vlcc,19407.35243
1992-02-01,vlcc,17427.00361
1992-03-01,vlcc,12170.73594
1992-04-01,vlcc,13472.32918
1992-05-01,vlcc,15637.86792
1992-06-01,vlcc,11752.31793
1992-07-01,vlcc,15603.70153
1992-08-01,vlcc,16222.54143
1992-09-01,vlcc,14720.61439
1992-10-01,vlcc,17899.25198
1992-11-01,vlcc,24419.094
1992-12-01,vlcc,26179.39054
1993-01-01,vlcc,24949.27736
1993-02-01,vlcc,20765.62725
1993-03-01,vlcc,20438.85395
1993-04-01,vlcc,19882.1463
1993-05-01,vlcc,17900.07551
1993-06-01,vlcc,18903.21256
1993-07-01,vlcc,27838.86932
1993-08-01,vlcc,19755.25093
1993-09-01,vlcc,20564.44122
1993-10-01,vlcc,19990.99046
1993-11-01,vlcc,19250.54286
1993-12-01,vlcc,16194.29361
1994-01-01,vlcc,12602.7418
1994-02-01,vlcc,11996.89427
1994-03-01,vlcc,14211.68975
1994-04-01,vlcc,12772.07631
1994-05-01,vlcc,11182.37632
1994-06-01,vlcc,11520.56546
1994-07-01,vlcc,14901.0462
1994-08-01,vlcc,19128.94265
1994-09-01,vlcc,16709.84673
1994-10-01,vlcc,19357.42895
1994-11-01,vlcc,18771.92387
1994-12-01,vlcc,19303.96341
1995-01-01,vlcc,21069.21129
1995-02-01,vlcc,19435.20551
1995-03-01,vlcc,20073.60885
1995-04-01,vlcc,16109.61025
1995-05-01,vlcc,14588.68195
1995-06-01,vlcc,22651.13289
1995-07-01,vlcc,28540.28045
1995-08-01,vlcc,27943.29938
1995-09-01,vlcc,25352.67923
1995-10-01,vlcc,20398.03984
1995-11-01,vlcc,25821.40142
1995-12-01,vlcc,27446.59087
1996-01-01,vlcc,27539.88335
1996-02-01,vlcc,31295.5531
1996-03-01,vlcc,28115.92732
1996-04-01,vlcc,19240.3017
1996-05-01,vlcc,25341.45232
1996-06-01,vlcc,32406.17317
1996-07-01,vlcc,32885.36991
1996-08-01,vlcc,31044.59791
1996-09-01,vlcc,24349.48276
1996-10-01,vlcc,23505.01564
1996-11-01,vlcc,25882.97252
1996-12-01,vlcc,25305.80843
1997-01-01,vlcc,30846.23835
1997-02-01,vlcc,31849.50458
1997-03-01,vlcc,34032.1888
1997-04-01,vlcc,30180.87762
1997-05-01,vlcc,34236.69671
1997-06-01,vlcc,36279.78481
1997-07-01,vlcc,38167.01189
1997-08-01,vlcc,45485.87277
1997-09-01,vlcc,42905.14117
1997-10-01,vlcc,50904.18522
1997-11-01,vlcc,47084.25648
1997-12-01,vlcc,36017.02082
1998-01-01,vlcc,31560.59806
1998-02-01,vlcc,37362.39837
1998-03-01,vlcc,41963.32449
1998-04-01,vlcc,38835.16013
1998-05-01,vlcc,43187.45627
1998-06-01,vlcc,38428.97508
1998-07-01,vlcc,44895.42658
1998-08-01,vlcc,38047.46942
1998-09-01,vlcc,25271.20756
1998-10-01,vlcc,29939.17698
1998-11-01,vlcc,27674.31133
1998-12-01,vlcc,31180.36855
1999-01-01,vlcc,29817.90568
1999-02-01,vlcc,32131.04634
1999-03-01,vlcc,30180.61674
1999-04-01,vlcc,17733.98811
1999-05-01,vlcc,19350.72593
1999-06-01,vlcc,23373.02759
1999-07-01,vlcc,18159.27207
1999-08-01,vlcc,15214.69836
1999-09-01,vlcc,17659.95957
1999-10-01,vlcc,17968.11965
1999-11-01,vlcc,15920.22239
1999-12-01,vlcc,18049.77289
2000-01-01,vlcc,22622.35999
2000-02-01,vlcc,24435.22724
2000-03-01,vlcc,29777.64528
2000-04-01,vlcc,40046.74317
2000-05-01,vlcc,47743.97581
2000-06-01,vlcc,51351.78098
2000-07-01,vlcc,54318.29749
2000-08-01,vlcc,70106.3488
2000-09-01,vlcc,70987.25531
2000-10-01,vlcc,73834.85652
2000-11-01,vlcc,89787.63585
2000-12-01,vlcc,86139.19682
2001-01-01,vlcc,73369.89913
2001-02-01,vlcc,54438.02774
2001-03-01,vlcc,61025.87855
2001-04-01,vlcc,49221.18998
2001-05-01,vlcc,34921.63307
2001-06-01,vlcc,26378.00266
2001-07-01,vlcc,29312.71662
2001-08-01,vlcc,27998.10748
2001-09-01,vlcc,42865.73305
2001-10-01,vlcc,33221.11693
2001-11-01,vlcc,19671.03987
2001-12-01,vlcc,18581.5669
2002-01-01,vlcc,18530.3399
2002-02-01,vlcc,19533.55059
2002-03-01,vlcc,14886.73788
2002-04-01,vlcc,10779.90276
2002-05-01,vlcc,19436.39276
2002-06-01,vlcc,12912.87796
2002-07-01,vlcc,15348.71083
2002-08-01,vlcc,11729.40983
2002-09-01,vlcc,12472.53163
2002-10-01,vlcc,35780.5915
2002-11-01,vlcc,44419.79652
2002-12-01,vlcc,64356.06528
2003-01-01,vlcc,74714.04566
2003-02-01,vlcc,58643.15057
2003-03-01,vlcc,76870.55879
2003-04-01,vlcc,51205.62788
2003-05-01,vlcc,41847.51962
2003-06-01,vlcc,38289.61628
2003-07-01,vlcc,20220.9747
2003-08-01,vlcc,21658.50133
2003-09-01,vlcc,53070.01174
2003-10-01,vlcc,27236.99888
2003-11-01,vlcc,85303.41326
2003-12-01,vlcc,91466.23225
2004-01-01,vlcc,93956.73328
2004-02-01,vlcc,86754.17292
2004-03-01,vlcc,69847.93185
2004-04-01,vlcc,61056.55397
2004-05-01,vlcc,64327.56809
2004-06-01,vlcc,80597.3482
2004-07-01,vlcc,85542.32514
2004-08-01,vlcc,70739.5749
2004-09-01,vlcc,71348.90745
2004-10-01,vlcc,147423.56993
2004-11-01,vlcc,204361.14307
2004-12-01,vlcc,135867.04612
2005-01-01,vlcc,47766.6986
2005-02-01,vlcc,98131.87075
2005-03-01,vlcc,60970.82595
2005-04-01,vlcc,50971.11894
2005-05-01,vlcc,40907.91977
2005-06-01,vlcc,30549.9683
2005-07-01,vlcc,46698.02232
2005-08-01,vlcc,33656.9215
2005-09-01,vlcc,47246.53548
2005-10-01,vlcc,72159.0286
2005-11-01,vlcc,119359.8779
2005-12-01,vlcc,102887.03864
2006-01-01,vlcc,85725.158
2006-02-01,vlcc,84111.60018
2006-03-01,vlcc,54763.46516
2006-04-01,vlcc,39103.91983
2006-05-01,vlcc,51154.20009
2006-06-01,vlcc,71459.03232
2006-07-01,vlcc,81398.59484
2006-08-01,vlcc,86494.67996
2006-09-01,vlcc,76939.91304
2006-10-01,vlcc,54460.84255
2006-11-01,vlcc,50220.28976
2006-12-01,vlcc,45803.458
2007-01-01,vlcc,57281.21507
2007-02-01,vlcc,54130.00689
2007-03-01,vlcc,71374.14374
2007-04-01,vlcc,47070.04201
2007-05-01,vlcc,62746.43769
2007-06-01,vlcc,46769.56388
2007-07-01,vlcc,34840.15669
2007-08-01,vlcc,31206.35929
2007-09-01,vlcc,27221.67078
2007-10-01,vlcc,28230.56048
2007-11-01,vlcc,57828.51665
2007-12-01,vlcc,193836.01162
2008-01-01,vlcc,113509.68956
2008-02-01,vlcc,83263.39625
2008-03-01,vlcc,82918.29489
2008-04-01,vlcc,89130.66044
2008-05-01,vlcc,152071.71784
2008-06-01,vlcc,145461.23617
2008-07-01,vlcc,154919.06912
2008-08-01,vlcc,62508.65885
2008-09-01,vlcc,78798.46106
2008-10-01,vlcc,75741.0306
2008-11-01,vlcc,60629.70439
2008-12-01,vlcc,70622.46872
2009-01-01,vlcc,53984.76865
2009-02-01,vlcc,43963.80757
2009-03-01,vlcc,35240.50332
2009-04-01,vlcc,20949.91063
2009-05-01,vlcc,13583.93501
2009-06-01,vlcc,30175.29107
2009-07-01,vlcc,18819.36335
2009-08-01,vlcc,17874.08534
2009-09-01,vlcc,13362.71212
2009-10-01,vlcc,24322.43795
2009-11-01,vlcc,29296.87213
2009-12-01,vlcc,40395.32588
2010-01-01,vlcc,61178.7072
2010-02-01,vlcc,38807.27732
2010-03-01,vlcc,43851.19508
2010-04-01,vlcc,48869.94276
2010-05-01,vlcc,40947.12098
2010-06-01,vlcc,54219.55531
2010-07-01,vlcc,23736.21537
2010-08-01,vlcc,18199.31494
2010-09-01,vlcc,14090.43376
2010-10-01,vlcc,13568.77071
2010-11-01,vlcc,26033.8981
2010-12-01,vlcc,21972.74553
2011-01-01,vlcc,19066.81997
2011-02-01,vlcc,29603.49124
2011-03-01,vlcc,34074.92372
2011-04-01,vlcc,17365.17792
2011-05-01,vlcc,16582.7377
2011-06-01,vlcc,19357.05169
2011-07-01,vlcc,12855.57759
2011-08-01,vlcc,9813.4741
2011-09-01,vlcc,7914.92658
2011-10-01,vlcc,12507.47087
2011-11-01,vlcc,20818.90362
2011-12-01,vlcc,22335.59425
2012-01-01,vlcc,31631.25879
2012-02-01,vlcc,23316.75154
2012-03-01,vlcc,32447.4603
2012-04-01,vlcc,36835.12749
2012-05-01,vlcc,36375.27171
2012-06-01,vlcc,21966.09687
2012-07-01,vlcc,7929.53894
2012-08-01,vlcc,4787.24884
2012-09-01,vlcc,8751.66846
2012-10-01,vlcc,8392.15614
2012-11-01,vlcc,19855.70927
2012-12-01,vlcc,23384.07591
2013-01-01,vlcc,16150.9967
2013-02-01,vlcc,4884.5836
2013-03-01,vlcc,6433.22792
2013-04-01,vlcc,6223.42687
2013-05-01,vlcc,15681.23196
2013-06-01,vlcc,17168.95573
2013-07-01,vlcc,21486.69439
2013-08-01,vlcc,9908.82797
2013-09-01,vlcc,11428.01021
2013-10-01,vlcc,18803.0429
2013-11-01,vlcc,44899.56775
2013-12-01,vlcc,49769.18526
2014-01-01,vlcc,39328.31637
2014-02-01,vlcc,36368.72933
2014-03-01,vlcc,20195.81246
2014-04-01,vlcc,19830.90111
2014-05-01,vlcc,12942.16514
2014-06-01,vlcc,16899.94714
2014-07-01,vlcc,28398.59884
2014-08-01,vlcc,27386.76888
2014-09-01,vlcc,16763.32345
2014-10-01,vlcc,30906.52421
2014-11-01,vlcc,49209.73019
2014-12-01,vlcc,64327.73156
2015-01-01,vlcc,67394.32851
2015-02-01,vlcc,51710.16012
2015-03-01,vlcc,43572.73329
2015-04-01,vlcc,54338.8943
2015-05-01,vlcc,64816.33395
2015-06-01,vlcc,62694.1179
2015-07-01,vlcc,71410.11738
2015-08-01,vlcc,34939.76686
2015-09-01,vlcc,57183.75971
2015-10-01,vlcc,83743.73632
2015-11-01,vlcc,72975.53629
2015-12-01,vlcc,106379.03074
2016-01-01,vlcc,69258.60498
2016-02-01,vlcc,47115.9927
2016-03-01,vlcc,56002.5261
2016-04-01,vlcc,50263.1137
2016-05-01,vlcc,42230.21006
2016-06-01,vlcc,34590.66095
2016-07-01,vlcc,23153.88099
2016-08-01,vlcc,18985.38394
2016-09-01,vlcc,16701.67094
2016-10-01,vlcc,39083.7385
2016-11-01,vlcc,44904.0407
2016-12-01,vlcc,54070.66728
2017-01-01,vlcc,38513.39606
2017-02-01,vlcc,27903.46141
2017-03-01,vlcc,15814.24209
2017-04-01,vlcc,24310.58699
2017-05-01,vlcc,15771.71341
2017-06-01,vlcc,15329.61314
2017-07-01,vlcc,13909.33513
2017-08-01,vlcc,8740.64296
2017-09-01,vlcc,8120.28444
2017-10-01,vlcc,21429.62702
2017-11-01,vlcc,18686.37551
2017-12-01,vlcc,10376.8315
2018-01-01,vlcc,8282.3079
2018-02-01,vlcc,5716.09107
2018-03-01,vlcc,6224.10436
2018-04-01,vlcc,3931.82029
2018-05-01,vlcc,3185.05809
2018-06-01,vlcc,8088.76533
2018-07-01,vlcc,7182.41077
2018-08-01,vlcc,11228.40394
2018-09-01,vlcc,10986.95344
2018-10-01,vlcc,33490.86846
2018-11-01,vlcc,45317.46697
2018-12-01,vlcc,40938.324
2019-01-01,vlcc,28066.64149
2019-02-01,vlcc,20901.874
2019-03-01,vlcc,27449.15408
2019-04-01,vlcc,10412.90419
2019-05-01,vlcc,9057.59666
2019-06-01,vlcc,15851.21614
2019-07-01,vlcc,12976.54643
2019-08-01,vlcc,29389.43452
2019-09-01,vlcc,33175.47842
2019-10-01,vlcc,142111.84529
2019-11-01,vlcc,77314.70687
2019-12-01,vlcc,95217.88619
2020-01-01,vlcc,71214.66171
2020-02-01,vlcc,26524.59831
2020-03-01,vlcc,159268.92218
2020-04-01,vlcc,171126.87578
2020-05-01,vlcc,58045.8697
2020-06-01,vlcc,45263.47171
2020-07-01,vlcc,29113.63636
2020-08-01,vlcc,21610.36031
2020-09-01,vlcc,19057.54831
2020-10-01,vlcc,15180.77398
2020-11-01,vlcc,12070.70823
2020-12-01,vlcc,19016.70272
2021-01-01,vlcc,8570.60233
2021-02-01,vlcc,1878.97598
2021-03-01,vlcc,371.44668
2021-04-01,vlcc,4398.07111
2021-05-01,vlcc,3843.11436
2021-06-01,vlcc,-121.69981
2021-07-01,vlcc,-597.44602
2021-08-01,vlcc,209.93293
2021-09-01,vlcc,2171.99224
2021-10-01,vlcc,6736.42779
2021-11-01,vlcc,5645.94942
2021-12-01,vlcc,3803.85495
2022-01-01,vlcc,-219.88514
2022-02-01,vlcc,-3978.15125
2022-03-01,vlcc,-6572.71196
2022-04-01,vlcc,6937.963
2022-05-01,vlcc,-6327.10971
2022-06-01,vlcc,-12025.12388
2022-07-01,vlcc,6998.63609
2022-08-01,vlcc,31758.42361
2022-09-01,vlcc,56465.65069
2022-10-01,vlcc,65506.14099
2022-11-01,vlcc,89585.38096
2022-12-01,vlcc,51817.21407
2023-01-01,vlcc,40527.88687
2023-02-01,vlcc,50645.13004
2023-03-01,vlcc,88869.57581
2023-04-01,vlcc,60214.35352
2023-05-01,vlcc,37793.85363
2023-06-01,vlcc,51700.43391
2023-07-01,vlcc,41524.28324
2023-08-01,vlcc,34448.99363
2023-09-01,vlcc,27471.13263
2023-10-01,vlcc,41637.77344
2023-11-01,vlcc,61989.36152
2023-12-01,vlcc,50440.74393
2024-01-01,vlcc,46937.0744
2024-02-01,vlcc,55293.13326
2024-03-01,vlcc,51485.12763
2024-04-01,vlcc,42816.21744
2024-05-01,vlcc,50813.81127
2024-06-01,vlcc,32310.88315
2024-07-01,vlcc,29058.02612
2024-08-01,vlcc,29730.32809
2024-09-01,vlcc,35742.95898
2024-10-01,vlcc,40190.18966
2024-11-01,vlcc,32417.48913
2024-12-01,vlcc,22196.75278
2025-01-01,vlcc,35550.83128
2025-02-01,vlcc,42586.91513
2025-03-01,vlcc,40657.44909
2025-04-01,vlcc,45970.9651
2025-05-01,vlcc,42756.44852
2025-06-01,vlcc,38554.53727
2025-07-01,vlcc,31309.60361
2025-08-01,vlcc,40585.63761
2025-09-01,vlcc,80813.18947
2025-10-01,vlcc,87453.34622
2025-11-01,vlcc,120247.86773
2025-12-01,vlcc,103282.33615
2026-01-01,vlcc,81508.95645
