KOMMUNE;KOMMUNENUMMER;Bolig-Norgespris;Bolig-alle;Bolig-andel;Fritid-Norgespris;Fritid-alle;Fritid-andel;incr_oct;incr_nov;incr_dec;incr_Q4; okt_2025 ; nov_2025 ; des_2025 ; q4_2025 ; okt_2024 ; nov_2024 ; des_2024 ; q4_2024 ;Fylke;Region
Oslo;301;167219;356582;0,47;0;160;0 %;0,015;-0,021;-0,047;-0,022;321200287;399692666;438162660;1159055613;316368451;408323671;459933198;1184625320;Oslo;NO1
Eigersund;1101;5156;6941;0,74;923;1124;82 %;0,04;0,031;0,025;0,031;8534497;10704353;11957164;31196014;8203693;10386535;11662156;30252385;Rogaland;NO2
Stavanger;1103;44912;68920;0,65;1475;1979;75 %;0,065;0,05;0,034;0,048;74993150;94237845;104139967;273370963;70385348;89714830;100674619;260774797;Rogaland;NO2
Haugesund;1106;12491;19524;0,64;0;156;0 %;0,065;0,062;0,022;0,047;19872315;24930399;27048936;71851651;18658286;23477893;26457828;68594008;Rogaland;NO2
Sandnes;1108;23517;35637;0,66;1881;2431;77 %;0,051;0,038;0,033;0,04;41963158;52368061;57824295;152155513;39939428;50437662;55983165;146360256;Rogaland;NO2
Sokndal;1111;1206;1671;0,72;271;346;78 %;0,034;0,034;0,043;0,038;1894271;2394623;2733225;7022119;1832165;2316699;2619287;6768151;Rogaland;NO2
Lund;1112;1042;1460;0,71;324;412;79 %;0,019;0,028;0,03;0,027;1818851;2293588;2595941;6708380;1784138;2230477;2519720;6534335;Rogaland;NO2
Bjerkreim;1114;714;1049;0,68;593;711;83 %;0,036;0,045;0,04;0,041;1878539;2341069;2646325;6865932;1813757;2241271;2543587;6598614;Rogaland;NO2
Hå;1119;5203;7579;0,69;438;523;84 %;0,043;0,038;0,019;0,032;9757554;11945835;13254447;34957837;9357141;11507983;13010921;33876046;Rogaland;NO2
Klepp;1120;4873;7577;0,64;114;158;72 %;0,035;0,035;0,022;0,03;10077176;12501686;13817574;36396436;9734056;12079825;13523199;35337080;Rogaland;NO2
Time;1121;6279;9030;0,7;0;15;0 %;0,063;0,056;0,048;0,055;10690998;13224358;14746532;38661888;10057341;12518415;14065896;36641652;Rogaland;NO2
Gjesdal;1122;3309;4968;0,67;516;638;81 %;0,04;0,03;0,013;0,026;6736380;8320272;9176985;24233637;6478529;8080748;9063218;23622496;Rogaland;NO2
Sola;1124;8080;12088;0,67;193;273;71 %;0,049;0,045;0,032;0,041;13324733;16621659;18357084;48303476;12700800;15902016;17785198;46388014;Rogaland;NO2
Randaberg;1127;3289;4897;0,67;106;128;83 %;0,047;0,038;0,022;0,035;6204883;7652392;8569661;22426936;5924501;7370344;8382516;21677361;Rogaland;NO2
Strand;1130;4128;5974;0,69;1241;1495;83 %;0,045;0,029;0,03;0,033;7772015;9691106;10843562;28306683;7434942;9422119;10532381;27389442;Rogaland;NO2
Hjelmeland;1133;931;1411;0,66;886;1068;83 %;0,019;0,004;0,024;0,016;2098740;2631661;2996155;7726556;2059104;2620269;2926475;7605847;Rogaland;NO2
Suldal;1134;1348;1977;0,68;1189;1494;80 %;0,019;0,017;0;0,011;2609929;3392650;3831941;9834521;2560379;3335008;3831941;9727329;Rogaland;NO2
Sauda;1135;1905;2525;0,75;640;752;85 %;0,017;0,012;-0,004;0,007;3033204;4024162;4614612;11671978;2981845;3975139;4632829;11589813;Rogaland;NO2
Kvitsøy;1144;191;336;0,57;103;128;80 %;0,017;0,014;-0,024;0;436806;524858;594757;1556421;429338;517595;609189;1556123;Rogaland;NO2
Bokn;1145;322;480;0,67;163;214;76 %;0,047;0,031;0,006;0,026;655016;794109;885520;2334645;625353;770284;880040;2275677;Rogaland;NO2
Tysvær;1146;3640;5235;0,7;1007;1327;76 %;0,054;0,045;0,014;0,035;6778128;8439276;9316189;24533594;6433864;8074033;9190492;23698388;Rogaland;NO2
Karmøy;1149;13672;19844;0,69;623;902;69 %;0,052;0,047;0,009;0,034;24900468;30910963;34007666;89819097;23674723;29524728;33690095;86889547;Rogaland;NO2
Utsira;1151;116;151;0,77;0;56;0 %;0,034;0,044;0,009;0,028;160931;187770;209043;557744;155689;179863;207161;542713;Rogaland;NO2
Vindafjord;1160;2837;4352;0,65;890;1221;73 %;0,042;0,039;0,005;0,027;5765174;7207465;7939313;20911951;5531524;6938878;7899906;20370308;Rogaland;NO2
Kristiansund;1505;126;12419;0,01;0;479;0 %;-0,047;-0,01;-0,041;-0,032;14171408;17570091;19219803;50961302;14871686;17749759;20036577;52658023;Møre og Romsdal;NO3
Molde;1506;439;16341;0,03;0;1162;0 %;-0,015;0,015;0,004;0,002;19758406;25033114;28104036;72895556;20056230;24670445;27987708;72714383;Møre og Romsdal;NO3
Ålesund;1508;453;28199;0,02;0;1464;0 %;-0,003;0,026;-0,011;0,004;33931415;42265898;45618243;121815556;34027780;41185162;46134884;121347826;Møre og Romsdal;NO3
Vanylven;1511;0;1667;0;0;302;0 %;0,006;0,021;-0,015;0,003;2302836;2788837;3088352;8180025;2290206;2731571;3134021;8155798;Møre og Romsdal;NO3
Sande;1514;0;1280;0;0;242;0 %;-0,021;0,028;-0,021;-0,005;1747805;2171604;2368503;6287912;1785267;2111869;2419719;6316854;Møre og Romsdal;NO3
Herøy;1515;0;5188;0;0;1004;0 %;-0,022;0,027;-0,03;-0,009;6178954;7724409;8457292;22360655;6320846;7523082;8715347;22559275;Møre og Romsdal;NO3
Ulstein;1516;0;3796;0;0;343;0 %;0,024;0,063;0,01;0,032;5403745;6702589;7254353;19360687;5275049;6306955;7179162;18761166;Møre og Romsdal;NO3
Hareid;1517;0;2408;0;0;161;0 %;0,015;0,043;0,017;0,026;3271586;4063913;4481697;11817197;3223156;3894745;4405383;11523283;Møre og Romsdal;NO3
Ørsta;1520;123;5322;0,02;0;633;0 %;0,025;0,01;0,003;0,011;7299367;9033809;10061577;26394753;7122165;8943892;10036181;26102238;Møre og Romsdal;NO3
Stranda;1525;0;2145;0;0;831;0 %;0,022;0,012;-0,004;0,008;3475274;4371618;4962585;12809477;3401553;4320442;4981229;12703225;Møre og Romsdal;NO3
Sykkylven;1528;0;3518;0;0;849;0 %;-0,015;-0,015;-0,027;-0,02;5062043;6293700;7028907;18384650;5139055;6390012;7224139;18753206;Møre og Romsdal;NO3
Sula;1531;0;4034;0;0;200;0 %;-0,012;0,009;-0,014;-0,006;5762284;7079468;7723087;20564840;5830757;7017093;7831393;20679244;Møre og Romsdal;NO3
Giske;1532;0;3686;0;0;215;0 %;-0,023;0,025;-0,025;-0,008;5182732;6391407;6925164;18499302;5305982;6233674;7104980;18644636;Møre og Romsdal;NO3
Vestnes;1535;0;3243;0;0;478;0 %;-0,023;-0,014;-0,006;-0,013;4850369;6028179;6824446;17702994;4965610;6112305;6862379;17940294;Møre og Romsdal;NO3
Rauma;1539;0;3690;0;0;640;0 %;0,001;-0,022;0;-0,007;4693873;5907422;6815137;17416432;4688488;6039038;6815137;17542663;Møre og Romsdal;NO3
Aukra;1547;0;1759;0;0;103;0 %;-0,029;-0,009;-0,04;-0,027;2639475;3202120;3519901;9361496;2719518;3232832;3667738;9620088;Møre og Romsdal;NO3
Averøy;1554;0;2654;0;0;687;0 %;-0,025;0,004;-0,023;-0,014;4181844;5021665;5579247;14782756;4288027;5000820;5708039;14996886;Møre og Romsdal;NO3
Gjemnes;1557;0;1266;0;0;554;0 %;-0,026;0;-0,005;-0,009;1940814;2399638;2718239;7058692;1991652;2398625;2731357;7121635;Møre og Romsdal;NO3
Tingvoll;1560;0;1448;0;0;1025;0 %;-0,024;-0,021;-0,026;-0,024;2434925;3002171;3443201;8880297;2495313;3068061;3535117;9098491;Møre og Romsdal;NO3
Sunndal;1563;129;3773;0,03;0;616;0 %;-0,018;-0,056;-0,062;-0,048;4424271;5481936;6032584;15938791;4505255;5807348;6433660;16746264;Møre og Romsdal;NO3
Surnadal;1566;0;2757;0;0;776;0 %;-0,018;-0,016;-0,012;-0,015;4142455;5226403;6123705;15492563;4220078;5309923;6200148;15730149;Møre og Romsdal;NO3
Smøla;1573;0;1042;0;0;638;0 %;-0,044;0,006;-0,035;-0,024;1726223;2094476;2335365;6156063;1805719;2082008;2420039;6307765;Møre og Romsdal;NO3
Aure;1576;0;1668;0;0;1365;0 %;-0,021;0,008;-0,023;-0,012;2813820;3379639;3737186;9930646;2873821;3352770;3826851;10053443;Møre og Romsdal;NO3
Volda;1577;114;5145;0,02;0;625;0 %;0,053;0,057;0,024;0,043;6920687;8670971;9499187;25090846;6573368;8207185;9275080;24055633;Møre og Romsdal;NO3
Fjord;1578;0;1392;0;0;896;0 %;0,016;-0,013;-0,008;-0,003;2191400;2707516;3088450;7987365;2155841;2743225;3114867;8013933;Møre og Romsdal;NO3
Hustadvika;1579;109;6359;0,02;0;867;0 %;-0,02;0,01;-0,01;-0,006;8374097;10230098;11375748;29979943;8544101;10131464;11490781;30166346;Møre og Romsdal;NO3
Haram;1580;0;4314;0;0;349;0 %;-0,041;-0,006;-0,042;-0,03;6311595;7704378;8392905;22408877;6584056;7750429;8764711;23099195;Møre og Romsdal;NO3
Bodø;1804;0;26041;0;0;2589;0 %;-0,016;0,084;-0,047;0,005;37707579;48575721;50829523;137112823;38303997;44814741;53360140;136478877;Nordland;NO4
Narvik;1806;0;11257;0;0;2296;0 %;0,015;0,109;-0,02;0,032;19113748;24540295;26400289;70054332;18828269;22121886;26940901;67891056;Nordland;NO4
Bindal;1811;0;771;0;0;274;0 %;-0,026;0,038;-0,062;-0,019;1226142;1578155;1717452;4521749;1258902;1519818;1829998;4608718;Nordland;NO4
Sømna;1812;0;988;0;0;205;0 %;-0,048;0,027;-0,068;-0,031;1720210;2184963;2341967;6247139;1807403;2127959;2513786;6449149;Nordland;NO4
Brønnøy;1813;0;3763;0;0;546;0 %;-0,009;0,063;-0,041;0,002;5549013;7155554;7627500;20332067;5600399;6733675;7957329;20291403;Nordland;NO4
Vega;1815;0;616;0;0;288;0 %;-0,051;0,03;-0,072;-0,033;979399;1257857;1349686;3586943;1032340;1221434;1454550;3708324;Nordland;NO4
Vevelstad;1816;0;269;0;0;136;0 %;-0,007;0,066;-0,034;0,007;427180;551336;584147;1562663;430307;517287;604835;1552429;Nordland;NO4
Herøy;1818;0;0;0;0;0;0 %;0,01;0,089;-0,051;0,012;1713334;2204216;2301061;6218611;1696222;2024420;2425923;6146565;Nordland;NO4
Alstahaug;1820;0;3454;0;0;394;0 %;-0,026;0,06;-0,076;-0,017;5533803;7143042;7369237;20046082;5679096;6741470;7977775;20398341;Nordland;NO4
Leirfjord;1822;0;1134;0;0;500;0 %;-0,008;0,11;-0,051;0,014;2157997;2829989;2884146;7872132;2175062;2549069;3039737;7763868;Nordland;NO4
Vefsn;1824;0;6581;0;0;421;0 %;-0,007;0,108;-0,043;0,017;10169606;13832041;14205614;38207261;10238421;12484198;14844982;37567601;Nordland;NO4
Grane;1825;0;753;0;0;541;0 %;-0,008;0,111;-0,057;0,012;897803;1243706;1269646;3411155;905331;1119664;1346199;3371194;Nordland;NO4
Hattfjelldal;1826;0;673;0;0;374;0 %;-0,009;0,103;-0,05;0,012;915013;1264975;1310111;3490100;923389;1146707;1379153;3449249;Nordland;NO4
Dønna;1827;0;758;0;0;495;0 %;-0,038;0,057;-0,075;-0,022;1412801;1829337;1927112;5169250;1469060;1731233;2084358;5284651;Nordland;NO4
Nesna;1828;0;865;0;0;312;0 %;-0,083;0,018;-0,117;-0,063;1446222;1889047;1956441;5291710;1576531;1855123;2215748;5647403;Nordland;NO4
Hemnes;1832;0;2203;0;0;515;0 %;0,003;0,109;0,039;0,052;3779341;5131784;5795796;14706920;3768633;4626110;5580021;13974764;Nordland;NO4
Rana;1833;0;10600;0;0;814;0 %;-0,018;0,097;-0,04;0,012;17813272;24272690;25361728;67447690;18135083;22120293;26415076;66670451;Nordland;NO4
Lurøy;1834;0;1045;0;0;826;0 %;0,005;0,094;-0,048;0,013;1840761;2400729;2523017;6764506;1831851;2194409;2649266;6675526;Nordland;NO4
Træna;1835;0;228;0;0;83;0 %;-0,043;0,048;-0,068;-0,023;313565;396613;420683;1130861;327604;378539;451270;1157413;Nordland;NO4
Rødøy;1836;0;644;0;0;493;0 %;0,004;0,093;-0,053;0,011;1194264;1507998;1562545;4264808;1189627;1379193;1650504;4219325;Nordland;NO4
Meløy;1837;0;3349;0;0;649;0 %;-0,763;-0,698;-0,7;-0,72;5644614;7263890;7820302;20728806;23844075;24026109;26102960;73973144;Nordland;NO4
Gildeskål;1838;0;1188;0;0;1243;0 %;-0,01;0,1;-0,048;0,011;2609581;3396234;3496666;9502482;2634671;3088729;3672050;9395450;Nordland;NO4
Beiarn;1839;0;586;0;0;354;0 %;0,004;0,132;-0,028;0,034;1051142;1446628;1469116;3966886;1046812;1277520;1511358;3835690;Nordland;NO4
Saltdal;1840;0;2268;0;0;556;0 %;-0,011;0,108;-0,033;0,02;3975939;5463678;5739273;15178891;4021669;4929035;5935105;14885809;Nordland;NO4
Fauske;1841;0;5069;0;0;919;0 %;-0,004;0,108;-0,041;0,018;8103283;10865599;11364350;30333231;8132980;9806703;11853928;29793611;Nordland;NO4
Sørfold;1845;0;1053;0;0;559;0 %;0;0,142;0,044;0,064;1808388;2427722;2686493;6922603;1807624;2125840;2572922;6506387;Nordland;NO4
Steigen;1848;0;1400;0;0;777;0 %;-0,005;0,109;-0,036;0,02;2564837;3295378;3491874;9352090;2578770;2970235;3620830;9169834;Nordland;NO4
Lødingen;1851;0;1173;0;0;511;0 %;-0,056;0,062;-0,065;-0,021;2101768;2759843;2944869;7806481;2225725;2598456;3148117;7972298;Nordland;NO4
Evenes;1853;0;808;0;0;434;0 %;0,029;0,136;-0,012;0,048;1491850;1965422;2096323;5553595;1449641;1729523;2121957;5301121;Nordland;NO4
Røst;1856;0;274;0;0;60;0 %;-0,041;0,026;-0,091;-0,039;440238;537773;578692;1556704;458832;524269;636625;1619725;Nordland;NO4
Værøy;1857;0;329;0;0;85;0 %;-0,03;0,046;-0,071;-0,021;525891;659637;702117;1887644;542115;630695;755482;1928292;Nordland;NO4
Flakstad;1859;0;637;0;0;265;0 %;-0,054;0,051;-0,078;-0,03;1270120;1592278;1706310;4568708;1343064;1514607;1850157;4707828;Nordland;NO4
Vestvågøy;1860;0;5684;0;0;1105;0 %;-0,017;0,095;-0,046;0,008;9957283;12635816;13320952;35914051;10131125;11542211;13960777;35634114;Nordland;NO4
Vågan;1865;0;4836;0;0;1012;0 %;-0,008;0,107;-0,022;0,024;7724760;10013358;10597054;28335172;7788646;9044057;10837652;27670355;Nordland;NO4
Hadsel;1866;0;4353;0;0;523;0 %;-0,016;0,092;-0,048;0,006;6965648;8943177;9497089;25405914;7082320;8189272;9973011;25244604;Nordland;NO4
Bø;1867;0;1544;0;0;612;0 %;-0,043;0,074;-0,058;-0,011;2705830;3483016;3735455;9924301;2828371;3242117;3966436;10036924;Nordland;NO4
Øksnes;1868;0;2226;0;0;377;0 %;-0,048;0,067;-0,051;-0,012;3812981;4874920;5239468;13927369;4005305;4568207;5521579;14095091;Nordland;NO4
Sortland;1870;0;5134;0;0;407;0 %;-0,027;0,083;-0,053;-0,002;8372361;10678665;11268436;30319462;8608109;9858718;11903360;30370188;Nordland;NO4
Andøy;1871;0;2467;0;0;499;0 %;-0,023;0,089;-0,038;0,007;4177342;5386252;5826211;15389805;4274455;4948272;6057259;15279986;Nordland;NO4
Moskenes;1874;0;535;0;0;270;0 %;-0,076;0,024;-0,113;-0,058;1023704;1260752;1317742;3602198;1108245;1231325;1485144;3824715;Nordland;NO4
Hamarøy;1875;0;1848;0;0;978;0 %;-0,008;0,108;-0,027;0,022;2630649;3471181;3705318;9807149;2653185;3132159;3808748;9594092;Nordland;NO4
Halden;3101;8818;16096;0,55;1064;1573;68 %;0,055;0,032;-0,005;0,023;18646416;24093736;26824200;69564352;17668734;23346263;26956716;67971713;Østfold;NO1
Moss;3103;13588;25537;0,53;999;1606;62 %;0,067;0,025;-0,007;0,023;27827917;34813898;39689142;102330956;26077247;33970450;39959949;100007646;Østfold;NO1
Sarpsborg;3105;14818;27771;0,53;1719;2555;67 %;0,182;0,163;0,064;0,129;35932371;46473984;49770612;132176968;30398627;39945175;46765931;117109733;Østfold;NO1
Fredrikstad;3107;21719;40197;0,54;2597;4141;63 %;0,068;0,035;-0,009;0,026;46945756;59940032;67755008;174640796;43950118;57921926;68372066;170244110;Østfold;NO1
Hvaler;3110;1683;2624;0,64;2814;4456;63 %;0,057;0,043;-0,013;0,024;4505556;5866372;6707150;17079078;4262766;5626119;6796904;16685790;Østfold;NO1
Råde;3112;1921;3412;0,56;436;679;64 %;0,067;0,04;0,012;0,036;4893350;6139033;7024239;18056621;4585225;5905652;6941331;17432208;Østfold;NO1
Våler;3114;2430;4527;0,54;0;333;0 %;0,077;0,043;0,015;0,041;3678912;4603010;5168651;13450573;3414319;4412681;5093357;12920357;Østfold;NO1
Skiptvet;3116;848;1733;0,49;191;346;55 %;0,092;0,066;0,027;0,057;2427320;3034924;3436297;8898541;2222587;2847107;3345342;8415037;Østfold;NO1
Indre Østfold;3118;11171;21979;0,51;663;1245;53 %;0,058;0,029;-0,01;0,021;27380545;34390211;38553375;100324130;25889816;33410096;38925499;98225412;Østfold;NO1
Rakkestad;3120;1890;3830;0,49;0;155;0 %;0,064;0,048;0,012;0,038;4736261;5959639;6705967;17401866;4450724;5686728;6628037;16765489;Østfold;NO1
Marker;3122;931;1925;0,48;258;437;59 %;0,076;0,048;0,005;0,038;2479178;3101965;3517574;9098717;2304165;2958653;3501747;8764565;Østfold;NO1
Aremark;3124;408;730;0,56;370;534;69 %;0,077;0,053;-0,01;0,033;994470;1299595;1462094;3756158;923430;1234452;1477458;3635339;Østfold;NO1
Bærum;3201;35977;56804;0,63;110;247;45 %;0,024;-0,016;-0,039;-0,015;74011547;93250670;104337274;271599491;72254380;94719361;108622673;275596414;Akershus;NO1
Asker;3203;26962;42233;0,64;1770;3458;51 %;0,041;-0,001;-0,024;0,001;60724750;76191170;86577727;223493646;58341402;76230859;88682566;223254827;Akershus;NO1
Lillestrøm;3205;21863;40950;0,53;117;273;43 %;0,042;0,001;-0,03;0;49401748;60962665;67701436;178065848;47393153;60925396;69819263;178137812;Akershus;NO1
Nordre Follo;3207;17137;27499;0,62;115;260;44 %;0,046;0,007;-0,018;0,007;36528493;45556499;50978899;133063891;34931795;45234763;51923628;132090186;Akershus;NO1
Ullensaker;3209;9383;19549;0,48;0;54;0 %;0,053;0,009;-0,02;0,01;24077587;29495155;32668461;86241203;22871318;29219741;33323368;85414427;Akershus;NO1
Nesodden;3212;5598;8546;0,66;361;759;48 %;0,04;-0,003;-0,019;0,002;12192307;15378265;17647885;45218457;11718884;15421284;17990046;45130214;Akershus;NO1
Frogn;3214;4865;7521;0,65;1402;2186;64 %;0,044;0;-0,013;0,006;11377435;14329914;16530856;42238206;10901966;14329197;16747651;41978814;Akershus;NO1
Vestby;3216;5233;8627;0,61;687;1215;57 %;0,077;0,026;0,006;0,032;12169955;15169026;17228909;44567891;11296273;14782567;17127351;43206191;Akershus;NO1
Ås;3218;4866;8056;0,6;145;299;48 %;0,04;0;-0,015;0,004;11177640;13846347;15433478;40457466;10751783;13851668;15672848;40276298;Akershus;NO1
Enebakk;3220;2748;4665;0,59;326;601;54 %;0,047;0,012;-0,025;0,007;7181765;9015772;10082411;26279948;6860130;8906494;10340529;26107152;Akershus;NO1
Lørenskog;3222;10529;22525;0,47;0;0;#DIV/0!;0,047;0,008;-0,024;0,006;22282679;27257259;30189171;79729109;21292351;27051052;30930242;79273645;Akershus;NO1
Rælingen;3224;4706;8352;0,56;0;48;0 %;0,042;0,006;-0,023;0,004;10540694;12942065;14326882;37809642;10112322;12867757;14669069;37649149;Akershus;NO1
Aurskog-Høland;3226;4561;8808;0,52;554;980;57 %;0,065;0,034;-0,017;0,022;11628353;14721141;16480319;42829814;10920402;14240512;16764029;41924944;Akershus;NO1
Nes;3228;5855;10698;0,55;189;389;49 %;0,057;0,009;-0,022;0,009;14892203;18492646;20648131;54032980;14090583;18328299;21120683;53539565;Akershus;NO1
Gjerdrum;3230;1802;3073;0,59;0;18;0 %;0,034;-0,019;-0,037;-0,012;4591472;5639177;6360027;16590676;4441041;5745861;6602845;16789747;Akershus;NO1
Nittedal;3232;6547;10501;0,62;0;155;0 %;0,029;-0,015;-0,045;-0,015;14935344;18712552;21006640;54654536;14513338;19000993;21986892;55501223;Akershus;NO1
Lunner;3234;2666;4341;0,61;616;945;65 %;0,031;-0,008;-0,038;-0,01;6559143;8352955;9585275;24497373;6361141;8424452;9967034;24752627;Akershus;NO1
Jevnaker;3236;2057;3506;0,59;174;294;59 %;0,039;-0,009;-0,039;-0,008;4484625;5653154;6382093;16519872;4316016;5703263;6638624;16657903;Akershus;NO1
Nannestad;3238;3547;6914;0,51;0;101;0 %;0,043;-0,015;-0,04;-0,009;9279088;11418470;12824910;33522467;8893947;11588173;13355706;33837826;Akershus;NO1
Eidsvoll;3240;6674;12859;0,52;164;354;46 %;0,053;0,003;-0,026;0,005;16280223;20201106;22586718;59068046;15457890;20131318;23199957;58789165;Akershus;NO1
Hurdal;3242;777;1560;0,5;390;601;65 %;0,055;0,015;-0,023;0,01;2247189;2856599;3276613;8380401;2130664;2814361;3352057;8297082;Akershus;NO1
Drammen;3301;27027;49395;0,55;436;755;58 %;0,048;0,006;-0,021;0,006;53965145;68560660;77798656;200324461;51499768;68122442;79471425;199093635;Buskerud;NO1
Kongsberg;3303;9062;14602;0,62;1609;2052;78 %;0,038;0,014;-0,005;0,013;18091975;23577493;27091941;68761408;17425986;23252997;27218011;67896994;Buskerud;NO1
Ringerike;3305;8961;16120;0,56;1172;1818;64 %;0,055;0,014;-0,02;0,011;18538456;23785861;27185454;69509772;17564284;23446698;27726788;68737771;Buskerud;NO1
Hole;3310;1746;2760;0,63;269;503;53 %;0,077;0,025;0;0,029;4101017;5142365;5850212;15093595;3806538;5019219;5847474;14673230;Buskerud;NO1
Lier;3312;7208;11975;0,6;0;131;0 %;0,042;0,007;-0,021;0,005;15533178;19362511;21921250;56816940;14911139;19224790;22390252;56526181;Buskerud;NO1
Øvre Eiker;3314;5279;9618;0,55;0;144;0 %;0,058;0,023;0,003;0,024;11992779;15354376;17606971;44954125;11333559;15004613;17555764;43893937;Buskerud;NO1
Modum;3316;4131;7208;0,57;155;287;54 %;0,059;0,031;0,018;0,033;8897021;11394538;13151005;33442564;8403527;11055663;12915838;32375028;Buskerud;NO1
Krødsherad;3318;669;1126;0,59;1481;2064;72 %;0,027;0,034;-0,027;0,005;2718876;3677966;4710341;11107183;2648574;3557072;4842674;11048320;Buskerud;NO1
Flå;3320;254;609;0,42;1612;1923;84 %;0,059;0,059;0,006;0,036;2204508;2922730;3656548;8783786;2082519;2759959;3635340;8477818;Buskerud;NO1
Nesbyen;3322;914;1758;0,52;2701;3379;80 %;0,016;0,046;-0,011;0,014;4529209;6117454;7609146;18255810;4459034;5845766;7694063;17998863;Buskerud;NO1
Gol;3324;1210;2506;0,48;1896;2521;75 %;0,026;0,06;0,004;0,028;4960187;6748347;8129317;19837851;4832377;6364719;8095784;19292880;Buskerud;NO1
Hemsedal;3326;686;1270;0,54;2256;3138;72 %;0,083;0,144;0,103;0,111;4429279;6008391;8034143;18471813;4090071;5253833;7282093;16625997;Buskerud;NO1
Ål;3328;1142;2310;0,49;2007;2588;78 %;0,008;0,072;0,009;0,029;5215927;7087070;8543105;20846102;5175972;6612363;8470773;20259107;Buskerud;NO1
Hol;3330;1458;2527;0,58;5178;6867;75 %;0,027;0,071;0,028;0,042;9016721;11734191;15116791;35867703;8777053;10957180;14700106;34434339;Buskerud;NO1
Sigdal;3332;1003;1879;0,53;3582;4343;82 %;0,008;0,026;-0,02;0,002;4717576;6295564;7788930;18802070;4679962;6136789;7947200;18763950;Buskerud;NO1
Flesberg;3334;707;1269;0,56;2487;3040;82 %;0,008;0,036;0,01;0,018;3140415;4291940;5138160;12570515;3114542;4143715;5088743;12347000;Buskerud;NO1
Rollag;3336;404;699;0,58;1613;1847;87 %;0,023;0,035;-0,028;0,006;2034669;2678760;3209281;7922710;1989823;2588785;3300184;7878791;Buskerud;NO1
Nore og Uvdal;3338;709;1376;0,52;2321;3024;77 %;0,003;0,02;-0,016;0,001;3332995;4394329;5322283;13049607;3322498;4308439;5410085;13041022;Buskerud;NO1
Kongsvinger;3401;5130;9403;0,55;328;616;53 %;0,049;-0,004;-0,037;-0,003;11062383;13905972;15580352;40548707;10544804;13956625;16174916;40676345;Innlandet;NO1
Hamar;3403;9108;16579;0,55;249;328;76 %;0,033;-0,018;-0,059;-0,021;17826765;22407982;25331514;65566260;17250241;22822875;26905900;66979016;Innlandet;NO1
Lillehammer;3405;8698;14460;0,6;829;1049;79 %;0,024;-0,016;-0,056;-0,022;17721467;22853528;26103037;66678031;17313348;23233888;27658941;68206178;Innlandet;NO1
Gjøvik;3407;8636;15375;0,56;280;479;58 %;0,03;-0,017;-0,046;-0,016;19564986;24753311;28162612;72480909;18993043;25173948;29519312;73686303;Innlandet;NO1
Ringsaker;3411;9046;17092;0,53;4880;6134;80 %;0,029;-0,006;-0,045;-0,013;23349676;30063837;35297133;88710646;22691824;30250554;36957488;89899866;Innlandet;NO1
Løten;3412;2063;3731;0,55;922;1178;78 %;0,05;0,001;-0,046;-0,006;5162928;6563302;7567702;19293932;4917152;6559680;7936158;19412990;Innlandet;NO1
Stange;3413;5757;10093;0,57;452;822;55 %;0,043;-0,003;-0,039;-0,006;12645041;15880296;18057341;46582678;12127240;15934190;18798089;46859519;Innlandet;NO1
Nord-Odal;3414;1375;2589;0,53;291;543;54 %;0,048;-0,018;-0,049;-0,014;3482670;4370477;5027239;12880387;3324544;4452209;5288174;13064927;Innlandet;NO1
Sør-Odal;3415;2096;3943;0,53;262;438;60 %;0,065;0,008;-0,032;0,007;5196436;6553671;7389224;19139331;4881504;6503300;7630185;19014988;Innlandet;NO1
Eidskog;3416;1721;3228;0,53;316;559;57 %;0,061;0,022;-0,037;0,008;4195058;5318571;5963092;15476722;3953083;5204327;6191556;15348966;Innlandet;NO1
Grue;3417;1380;2581;0,53;273;477;57 %;0,061;0,002;-0,035;0,002;3159241;4051922;4610351;11821514;2978330;4042516;4775271;11796117;Innlandet;NO1
Åsnes;3418;1978;3942;0,5;141;302;47 %;0,051;-0,017;-0,048;-0,012;4840429;6098265;6933348;17872042;4605788;6204589;7282758;18093136;Innlandet;NO1
Våler;3419;0;0;0;0;0;0 %;0,047;-0,025;-0,064;-0,022;2311211;2904260;3314261;8529733;2208164;2977788;3539626;8725578;Innlandet;NO1
Elverum;3420;5955;10799;0,55;0;185;0 %;0,02;-0,018;-0,076;-0,032;13102633;16524171;18596264;48223068;12848458;16830692;20124825;49803975;Innlandet;NO1
Trysil;3421;2376;4417;0,54;4146;6009;69 %;0,011;-0,027;-0,072;-0,037;9100454;11932235;15185073;36217762;8997121;12261009;16354582;37612712;Innlandet;NO1
Åmot;3422;1275;2587;0,49;1277;1630;78 %;0,009;-0,033;-0,07;-0,038;3890803;5017973;5870695;14779472;3857669;5187291;6315936;15360896;Innlandet;NO1
Stor-Elvdal;3423;673;1393;0,48;595;928;64 %;0,019;0,01;-0,054;-0,015;1843082;2439416;2857934;7140431;1809429;2414802;3022501;7246731;Innlandet;NO1
Rendalen;3424;521;1007;0,52;553;791;70 %;-0,006;-0,049;-0,098;-0,058;1754470;2245903;2596034;6596407;1765295;2361349;2877277;7003921;Innlandet;NO1
Engerdal;3425;408;779;0,52;788;1049;75 %;0,025;-0,007;-0,042;-0,013;1488404;1901670;2276372;5666446;1451986;1915088;2376682;5743756;Innlandet;NO1
Tolga;3426;341;634;0,54;209;341;61 %;-0,063;-0,146;-0,167;-0,132;1244084;1419363;1627607;4291055;1327432;1662493;1954687;4944611;Innlandet;NO1
Tynset;3427;1338;2453;0,55;423;1096;39 %;-0,01;-0,045;-0,087;-0,053;4275344;5287123;6068375;15630842;4317673;5534272;6648950;16500894;Innlandet;NO1
Alvdal;3428;590;1027;0,57;168;289;58 %;-0,03;-0,073;-0,09;-0,069;1808088;2220324;2581024;6609436;1864704;2394212;2837751;7096667;Innlandet;NO1
Folldal;3429;309;677;0,46;214;409;52 %;-0,042;-0,112;-0,136;-0,104;1385177;1664411;1960848;5010436;1445151;1875192;2270124;5590467;Innlandet;NO1
Os;3430;420;820;0,51;415;668;62 %;-0,052;-0,096;-0,112;-0,09;1784279;2128456;2507821;6420556;1882160;2353525;2823580;7059265;Innlandet;NO1
Dovre;3431;0;1211;0;0;457;0 %;0,007;-0,012;-0,047;-0,021;1949582;2536609;2864963;7351154;1936297;2567309;3006384;7509990;Innlandet;NO1
Lesja;3432;0;848;0;308;1994;15 %;0,006;-0,014;-0,02;-0,012;2725930;3734604;4435942;10896476;2709187;3786177;4528691;11024055;Innlandet;NO1
Skjåk;3433;0;977;0;0;668;0 %;-0,005;-0,002;-0,044;-0,02;1502848;2003236;2267207;5773292;1510914;2007835;2372690;5891438;Innlandet;NO1
Lom;3434;0;1014;0;0;171;0 %;0,002;0,001;-0,034;-0,013;1389809;1810866;2035904;5236580;1387095;1808319;2107485;5302899;Innlandet;NO1
Vågå;3435;0;1586;0;126;811;16 %;0;0,008;-0,041;-0,014;2575874;3407271;3941713;9924858;2576877;3380371;4110696;10067944;Innlandet;NO1
Nord-Fron;3436;1714;2913;0,59;1282;1696;76 %;-0,015;-0,004;-0,049;-0,025;4498540;6028347;7160429;17687316;4566359;6052630;7530803;18149792;Innlandet;NO1
Sel;3437;210;2755;0,08;260;1461;18 %;-0,018;0;-0,06;-0,029;4283152;5705440;6519040;16507632;4360354;5705450;6932996;16998800;Innlandet;NO1
Sør-Fron;3438;847;1468;0,58;1391;1775;78 %;0,002;0,009;-0,027;-0,008;3275662;4434729;5449023;13159414;3270111;4395732;5598705;13264548;Innlandet;NO1
Ringebu;3439;1212;2121;0,57;2990;3974;75 %;0,016;0,02;-0,03;-0,003;5296009;7176964;9256904;21729878;5213828;7037043;9542262;21793134;Innlandet;NO1
Øyer;3440;1373;2260;0,61;3340;4273;78 %;0,04;0,03;-0,009;0,015;6597430;8761564;11465485;26824479;6345530;8502837;11569801;26418168;Innlandet;NO1
Gausdal;3441;1622;3084;0,53;2116;2627;81 %;0,006;0,005;-0,033;-0,011;5645252;7473607;9257821;22376681;5612449;7435539;9573326;22621314;Innlandet;NO1
Østre Toten;3442;3782;7128;0,53;0;211;0 %;0,039;-0,013;-0,036;-0,009;9478271;11953904;13698489;35130664;9123508;12111813;14217400;35452721;Innlandet;NO1
Vestre Toten;3443;3952;6776;0,58;138;250;55 %;0,038;-0,015;-0,028;-0,007;8956549;11220351;12881740;33058641;8632529;11387310;13256238;33276077;Innlandet;NO1
Gran;3446;3764;6405;0,59;836;1166;72 %;0,041;-0,011;-0,029;-0,005;9231048;11829719;13685352;34746119;8865812;11962790;14094730;34923332;Innlandet;NO1
Søndre Land;3447;1500;2784;0,54;513;843;61 %;0,033;-0,012;-0,048;-0,016;3636000;4775792;5578081;13989874;3521119;4835123;5860554;14216797;Innlandet;NO1
Nordre Land;3448;1598;3242;0,49;1426;1850;77 %;0,005;-0,011;-0,042;-0,02;5079083;6709614;8091141;19879837;5052694;6785673;8448065;20286432;Innlandet;NO1
Sør-Aurdal;3449;880;1448;0,61;1382;1702;81 %;0,024;0,035;-0,016;0,011;2881972;3811613;4600644;11294229;2813653;3682312;4676083;11172048;Innlandet;NO1
Etnedal;3450;363;702;0,52;1415;1790;79 %;0,015;0,027;-0,021;0,004;2110745;2784727;3407550;8303022;2080470;2710461;3479519;8270449;Innlandet;NO1
Nord-Aurdal;3451;1831;3138;0,58;2898;3704;78 %;0,03;0,046;0,012;0,028;5910562;7751689;9558641;23220893;5737886;7409493;9442928;22590307;Innlandet;NO1
Vestre Slidre;3452;519;942;0,55;2026;2536;80 %;0,025;0,041;0,011;0,024;2754009;3617814;4579636;10951459;2685534;3474896;4529917;10690347;Innlandet;NO1
Øystre Slidre;3453;841;1435;0,59;2883;3705;78 %;0,019;0,053;0,012;0,027;4389418;5916685;7528600;17834703;4307595;5619356;7439151;17366102;Innlandet;NO1
Vang;3454;423;652;0,65;1368;1724;79 %;0,023;0,041;0,004;0,021;2079516;2689088;3326747;8095351;2032699;2583619;3313837;7930155;Innlandet;NO1
Horten;3901;8876;13274;0,67;239;376;64 %;0,043;0,01;-0,003;0,014;15670385;19795515;22638751;58104650;15021843;19596596;22711056;57329495;Vestfold;NO2
Holmestrand;3903;8219;12478;0,66;876;1313;67 %;0,053;0,021;0,005;0,023;16283141;20409331;23298560;59991032;15459295;19999087;23173093;58631475;Vestfold;NO2
Tønsberg;3905;19042;28245;0,67;227;368;62 %;0,058;0,014;0,008;0,023;31026001;38977709;44529962;114533672;29315272;38454853;44190573;111960698;Vestfold;NO2
Sandefjord;3907;20832;30133;0,69;1672;2432;69 %;0,053;0,025;0,006;0,025;37297347;47542189;54206034;139045570;35412548;46391439;53867395;135671382;Vestfold;NO2
Larvik;3909;15673;23113;0,68;3227;4733;68 %;0,048;0,029;0,002;0,023;28258823;36158646;41421999;105839467;26961640;35136922;41323615;103422176;Vestfold;NO2
Færder;3911;9288;12766;0,73;2131;3304;64 %;0,059;0,025;0,011;0,028;18282160;23398776;26964737;68645674;17261251;22817617;26679469;66758337;Vestfold;NO2
Porsgrunn;4001;12831;18268;0,7;853;1238;69 %;0,046;0,024;-0,01;0,016;21278565;27642550;31511762;80432877;20344999;27005531;31816663;79167193;Telemark;NO2
Skien;4003;18405;27493;0,67;293;541;54 %;0,032;0,004;-0,014;0,004;31334541;40378730;46392718;118105988;30349650;40220306;47073438;117643395;Telemark;NO2
Notodden;4005;4356;6334;0,69;477;623;77 %;0,057;0,038;0,002;0,028;8480426;11274747;12910421;32665594;8020160;10864060;12883264;31767484;Telemark;NO2
Siljan;4010;828;1108;0,75;109;160;68 %;0,023;0,017;-0,012;0,007;1444150;1823368;2106453;5373971;1412035;1793037;2131332;5336404;Telemark;NO2
Bamble;4012;4843;6810;0,71;1706;2331;73 %;0,037;0,03;0;0,02;8994483;11689396;13525873;34209752;8676083;11346102;13524199;33546384;Telemark;NO2
Kragerø;4014;3811;5488;0,69;2421;3559;68 %;0,031;0,032;-0,001;0,018;6957599;9039223;10497282;26494104;6745519;8759307;10510308;26015134;Telemark;NO2
Drangedal;4016;1349;2033;0,66;1170;1438;81 %;0,054;0,049;0,008;0,033;2973786;3923231;4690061;11587078;2822281;3738826;4654772;11215879;Telemark;NO2
Nome;4018;2432;3413;0,71;139;215;65 %;0,032;0,029;-0,007;0,015;4026529;5306504;6198341;15531374;3902920;5156598;6242899;15302417;Telemark;NO2
Midt-Telemark;4020;3826;5376;0,71;809;1026;79 %;0,016;0,007;-0,007;0,004;6622528;8677975;10041727;25342230;6515313;8620781;10115107;25251201;Telemark;NO2
Seljord;4022;901;1478;0,61;506;695;73 %;0,014;0,041;-0,007;0,014;2115472;2825509;3290087;8231068;2086021;2714796;3313883;8114700;Telemark;NO2
Hjartdal;4024;459;789;0,58;1462;1791;82 %;-0,002;0,03;-0,02;0,001;1722489;2338153;2797801;6858443;1725368;2270096;2854115;6849580;Telemark;NO2
Tinn;4026;2366;3657;0,65;2577;3336;77 %;-0,013;0,018;-0,033;-0,011;6286465;8299021;9907236;24492721;6366654;8155719;10242388;24764761;Telemark;NO2
Kviteseid;4028;862;1381;0,62;870;1197;73 %;0,032;0,038;-0,006;0,018;2261448;3010232;3665124;8936804;2191599;2898894;3686622;8777114;Telemark;NO2
Nissedal;4030;493;763;0,65;1906;2247;85 %;0,046;0,025;-0,002;0,019;1825282;2361241;2908685;7095209;1745515;2304417;2914011;6963943;Telemark;NO2
Fyresdal;4032;406;638;0,64;531;686;77 %;0,046;0,047;0,013;0,033;940987;1240520;1454949;3636456;899947;1184903;1436344;3521194;Telemark;NO2
Tokke;4034;664;1149;0,58;458;749;61 %;0,018;0,035;0,011;0,021;1907176;2538309;3060791;7506276;1874237;2453148;3026744;7354129;Telemark;NO2
Vinje;4036;1250;1883;0,66;4856;5659;86 %;0,016;0,043;0,014;0,024;6157757;7998871;10131162;24287791;6063646;7667108;9992699;23723453;Telemark;NO2
Risør;4201;2780;4032;0,69;1321;1871;71 %;0,023;0,041;0,019;0,028;4366219;5733421;6684186;16783826;4266388;5508268;6558085;16332740;Agder;NO2
Grimstad;4202;8284;11594;0,71;864;1227;70 %;0,042;0,04;0,036;0,039;13427630;17063807;19390987;49882424;12882226;16403860;18717884;48003970;Agder;NO2
Arendal;4203;16158;23175;0,7;1426;1978;72 %;0,03;0,034;0,021;0,028;24549939;31616958;36206903;92373800;23828256;30589832;35467914;89886002;Agder;NO2
Kristiansand;4204;38549;55138;0,7;2556;3321;77 %;0,025;0,046;0,028;0,033;55772741;72058511;80082433;207913684;54398174;68913840;77900820;201212834;Agder;NO2
Lindesnes;4205;7978;11453;0,7;2992;3788;79 %;0,018;0,038;0,022;0,027;13478939;17309851;19539753;50328544;13239861;16676156;19111833;49027849;Agder;NO2
Farsund;4206;3656;5228;0,7;1104;1450;76 %;0,02;0,041;0,029;0,03;5811822;7458020;8584489;21854331;5697044;7166703;8344535;21208282;Agder;NO2
Flekkefjord;4207;3486;4892;0,71;972;1234;79 %;0,037;0,041;0,033;0,037;5459692;7036643;7982693;20479029;5266319;6758702;7730074;19755095;Agder;NO2
Gjerstad;4211;823;1296;0,64;112;155;72 %;0,038;0,041;0,018;0,031;1403869;1824549;2143640;5372058;1352988;1752322;2105474;5210784;Agder;NO2
Vegårshei;4212;745;1043;0,71;352;474;74 %;0,045;0,041;0,017;0,032;1265905;1607528;1863386;4736819;1210911;1544291;1832875;4588078;Agder;NO2
Tvedestrand;4213;2381;3513;0,68;1134;1660;68 %;0,031;0,046;0,016;0,03;4213912;5446691;6280938;15941541;4088783;5209413;6181905;15480101;Agder;NO2
Froland;4214;1911;2821;0,68;400;506;79 %;0,047;0,046;0,03;0,04;3421138;4358036;4997171;12776346;3266617;4164684;4853333;12284635;Agder;NO2
Lillesand;4215;4107;5417;0,76;1148;1630;70 %;0,027;0,036;0,028;0,031;6548345;8426960;9593124;24568429;6375407;8133255;9327544;23836206;Agder;NO2
Birkenes;4216;1618;2287;0,71;236;342;69 %;0,045;0,043;0,04;0,042;2527098;3238714;3690060;9455872;2418875;3103766;3549193;9071834;Agder;NO2
Åmli;4217;652;992;0,66;276;383;72 %;0,058;0,05;0,02;0,04;1413453;1848841;2155649;5417944;1335479;1761602;2112597;5209678;Agder;NO2
Iveland;4218;409;627;0,65;130;171;76 %;0,042;0,023;0,017;0,026;933183;1175711;1331073;3439967;895536;1149568;1308837;3353941;Agder;NO2
Evje og Hornnes;4219;1261;1862;0,68;915;1135;81 %;0,006;0,007;-0,02;-0,004;2457458;3242044;3675833;9375334;2442858;3220588;3750404;9413850;Agder;NO2
Bygland;4220;493;740;0,67;272;370;74 %;0,015;0,018;-0,005;0,008;863436;1124680;1301886;3290001;850593;1105155;1308889;3264636;Agder;NO2
Valle;4221;460;719;0,64;694;774;90 %;0,009;0,051;-0,004;0,017;1106953;1506160;1812832;4425946;1096780;1433139;1820128;4350046;Agder;NO2
Bykle;4222;383;597;0,64;2779;3188;87 %;0,048;0,011;0,024;0,026;2680078;3502251;4571396;10753726;2556253;3464354;4462737;10483344;Agder;NO2
Vennesla;4223;4959;7018;0,71;0;118;0 %;0,035;0,038;0,031;0,035;7976700;10205713;11412515;29594927;7706023;9830447;11071197;28607667;Agder;NO2
Åseral;4224;306;461;0,66;2131;2355;90 %;0,024;0,041;-0,006;0,017;1503660;1996047;2411832;5911539;1467955;1917333;2427062;5812349;Agder;NO2
Lyngdal;4225;3469;5100;0,68;1497;1883;80 %;0,022;0,036;0,025;0,028;6062567;7779761;8808204;22650532;5931664;7511194;8592886;22035744;Agder;NO2
Hægebostad;4226;553;860;0,64;362;463;78 %;0,037;0,042;0,016;0,03;1172871;1532778;1720678;4426327;1131402;1471556;1693736;4296693;Agder;NO2
Kvinesdal;4227;2197;3136;0,7;887;1082;82 %;0,026;0,03;0,029;0,029;3750019;4934444;5594760;14279223;3653385;4791856;5436830;13882071;Agder;NO2
Sirdal;4228;608;971;0,63;3531;3992;88 %;0,039;0,005;-0,017;0,004;3383921;4593729;5520660;13498310;3257102;4570523;5617782;13445407;Agder;NO2
Bergen;4601;69423;148796;0,47;513;1226;42 %;0,033;0,04;-0,001;3;154790501;192640021;204382767;551813289;149787107;185188340;204602414;539577860;Vestland;NO5
Kinn;4602;270;8171;0,03;0;1187;0 %;0,006;0,03;-0,028;0,001;10566131;13044894;14208079;37819104;10504436;12664689;14624005;37793131;Vestland;NO5
Etne;4611;1239;2130;0,58;587;811;72 %;0,048;0,039;0,011;0,031;2746681;3469799;3824552;10041032;2621167;3339281;3783035;9743483;Vestland;NO5
Sveio;4612;2054;2888;0,71;1035;1334;78 %;0,046;0,04;0,013;0,031;3964514;4954564;5520937;14440015;3789825;4763549;5450061;14003434;Vestland;NO5
Bømlo;4613;4301;5860;0,73;1672;2202;76 %;0,051;0,044;0,007;0,031;7932100;9771847;10810731;28514678;7547116;9364277;10738857;27650250;Vestland;NO5
Stord;4614;5824;8512;0,68;183;268;68 %;0,071;0,043;0,01;0,037;10677143;13124005;14424042;38225190;9973944;12581819;14287904;36843666;Vestland;NO5
Fitjar;4615;1045;1462;0,71;482;664;73 %;0,067;0,059;0,013;0,043;1991445;2477738;2722424;7191607;1866791;2339762;2688543;6895096;Vestland;NO5
Tysnes;4616;1240;1948;0,64;812;1209;67 %;0,045;0,018;0,011;0,022;2423897;2994066;3318128;8736091;2319115;2941789;3283244;8544148;Vestland;NO5
Kvinnherad;4617;4344;6790;0,64;1161;1706;68 %;0,04;0,052;0,072;0,057;8281542;10429986;12041342;30752870;7962314;9914695;11231089;29108099;Vestland;NO5
Ullensvang;4618;3447;6270;0,55;1812;2451;74 %;0,007;0,149;0,212;0,135;8067369;11499663;13901564;33468596;8009098;10008388;11467429;29484915;Vestland;NO5
Eidfjord;4619;259;517;0,5;1077;1323;81 %;0,02;0,298;0,352;0,249;1404997;2336067;2982336;6723399;1376820;1800378;2206330;5383529;Vestland;NO5
Ulvik;4620;283;576;0,49;168;297;57 %;-0,012;0,005;-0,022;-0,01;780377;997748;1154760;2932884;789465;992927;1180782;2963174;Vestland;NO5
Voss;4621;3745;7735;0,48;2758;3807;72 %;0,001;0,031;0,003;0,012;10665875;14118393;16405210;41189477;10655048;13698185;16355282;40708515;Vestland;NO5
Kvam;4622;2119;4108;0,52;2053;2630;78 %;-0,013;0,01;-0,027;-0,011;6221614;8046058;9150186;23417859;6303454;7968946;9403040;23675441;Vestland;NO5
Samnanger;4623;675;1285;0,53;373;611;61 %;0,012;0,028;-0,002;0,012;1755561;2234730;2476699;6466990;1734500;2173069;2482380;6389949;Vestland;NO5
Bjørnafjorden;4624;6333;11980;0,53;1159;1948;59 %;0,038;0,034;0,003;0,023;15942968;19582395;21264546;56789909;15355773;18936922;21207886;55500581;Vestland;NO5
Austevoll;4625;1585;2528;0,63;993;1537;65 %;0,053;0,044;0,001;0,03;4032276;4972467;5473385;14478128;3828364;4764320;5469646;14062330;Vestland;NO5
Øygarden;4626;8688;18128;0,48;1700;3424;50 %;0,041;0,036;-0,006;0,021;24245766;29631188;32209470;86086424;23285164;28592000;32402840;84280005;Vestland;NO5
Askøy;4627;6798;12402;0,55;468;1030;45 %;0,028;0,034;-0,009;0,016;17792477;21907464;23748217;63448157;17311943;21182241;23953751;62447934;Vestland;NO5
Vaksdal;4628;1015;2089;0,49;398;593;67 %;0,014;0,039;0,007;0,02;2603308;3325808;3654598;9583714;2566231;3201733;3629272;9397236;Vestland;NO5
Modalen;4629;114;177;0,64;0;123;0 %;-0,034;0,004;-0,049;-0,027;359068;464979;503402;1327449;371637;463297;529475;1364409;Vestland;NO5
Osterøy;4630;1798;3898;0,46;348;663;52 %;0,028;0,038;0,011;0,025;5018744;6212586;6839004;18070335;4881812;5987436;6762451;17631700;Vestland;NO5
Alver;4631;6826;14017;0,49;1759;3141;56 %;0,027;0,039;-0,001;0,02;18702077;23047873;25158529;66908480;18212052;22182026;25175276;65569354;Vestland;NO5
Austrheim;4632;752;1681;0,45;280;505;55 %;0,028;0,046;0,009;0,027;2194270;2724470;3015232;7933972;2134779;2603981;2989775;7728535;Vestland;NO5
Fedje;4633;155;348;0,45;0;146;0 %;0,022;0,046;-0,035;0,008;428905;525047;578397;1532349;419480;501793;599126;1520399;Vestland;NO5
Masfjorden;4634;440;952;0,46;351;589;60 %;0,021;0,041;0,003;0,021;1284417;1596337;1769937;4650691;1258556;1533110;1765251;4556917;Vestland;NO5
Gulen;4635;562;1275;0,44;674;1128;60 %;0,006;0,033;-0,012;0,008;1883587;2317837;2546010;6747434;1871481;2242737;2576787;6691005;Vestland;NO5
Solund;4636;0;505;0;0;355;0 %;-0,016;0;-0,053;-0,025;650179;772398;839048;2261625;660537;772107;886425;2319069;Vestland;NO5
Hyllestad;4637;0;717;0;0;273;0 %;0,005;0,015;-0,036;-0,007;877925;1065212;1172767;3115904;873335;1049162;1216716;3139213;Vestland;NO5
Høyanger;4638;205;2144;0,1;190;634;30 %;-0,02;-0,004;0,017;0;2827592;3543122;4195722;10566436;2884961;3556419;4127018;10568397;Vestland;NO5
Vik;4639;710;1431;0,5;163;284;57 %;-0,039;0,048;0,034;0,019;1694805;2255798;2594940;6545543;1764198;2153338;2508617;6426153;Vestland;NO5
Sogndal;4640;3225;5956;0,54;288;566;51 %;-0,039;0,003;-0,042;-0,026;7269661;9541887;10511568;27323116;7561901;9517484;10971132;28050516;Vestland;NO5
Aurland;4641;717;915;0,78;174;258;67 %;-0,019;0,034;-0,011;0,002;1476077;1900455;2087842;5464374;1505378;1837537;2111418;5454333;Vestland;NO5
Lærdal;4642;903;1270;0,71;238;344;69 %;0,026;0,043;-0,025;0,012;1891222;2398164;2597728;6887114;1842834;2300350;2663257;6806441;Vestland;NO5
Årdal;4643;1665;2775;0,6;268;413;65 %;-0,037;-0,016;-0,071;-0,043;3523980;4612375;5026693;13163048;3659636;4688239;5412434;13760308;Vestland;NO5
Luster;4644;1994;2814;0,71;334;596;56 %;-0,028;0,009;-0,033;-0,017;3632364;4795903;5448714;13876981;3736377;4752822;5633821;14123020;Vestland;NO5
Askvoll;4645;0;1491;0;0;463;0 %;-0,005;0,008;-0,048;-0,017;2176717;2644413;2909770;7730900;2188122;2624385;3056029;7868535;Vestland;NO5
Fjaler;4646;0;1347;0;0;463;0 %;-0,006;0,006;-0,041;-0,015;1824549;2267171;2476429;6568149;1834738;2252745;2582165;6669648;Vestland;NO5
Sunnfjord;4647;486;10428;0,05;105;924;11 %;0,01;0,017;-0,014;0,003;13069886;16238755;17702588;47011228;12934665;15971243;17959704;46865612;Vestland;NO5
Bremanger;4648;0;1853;0;0;634;0 %;-0,014;0,015;-0,032;-0,011;2493504;3063041;3369676;8926221;2529098;3016815;3482743;9028657;Vestland;NO5
Stad;4649;118;4169;0,03;0;708;0 %;0,011;0,015;-0,006;0,006;6090320;7461687;8338680;21890688;6025109;7350993;8393085;21769187;Vestland;NO5
Gloppen;4650;137;2626;0,05;0;328;0 %;0,012;0;0;0,003;3721080;4585591;5187222;13493893;3678758;4586192;5186133;13451083;Vestland;NO5
Stryn;4651;0;3113;0;126;1038;12 %;0,023;-0,006;-0,004;0,003;4782276;5874970;6595207;17252454;4675215;5908915;6622073;17206204;Vestland;NO5
Trondheim;5001;1667;111822;0,01;0;645;0 %;-0,009;-0,006;-0,023;-0,013;115052926;143038204;154504820;412595950;116119412;143833760;158150110;418103283;Trøndelag;NO3
Steinkjer;5006;298;11111;0,03;0;872;0 %;-0,026;0,004;-0,012;-0,01;13890931;17657401;20115613;51663946;14262556;17583113;20361128;52206797;Trøndelag;NO3
Namsos;5007;223;7334;0,03;0;891;0 %;-0,009;0,033;-0,011;0,005;8816986;11397960;12597828;32812774;8893515;11030205;12739294;32663014;Trøndelag;NO3
Frøya;5014;0;2720;0;0;1086;0 %;-0,019;0,023;-0,034;-0,011;3971712;4814854;5207209;13993775;4050220;4708137;5389654;14148011;Trøndelag;NO3
Osen;5020;0;535;0;0;290;0 %;-0,006;0,041;-0,026;0,002;665248;822061;901576;2388885;668945;789401;926067;2384413;Trøndelag;NO3
Oppdal;5021;0;3638;0;457;4245;11 %;-0,01;-0,044;-0,042;-0,034;7983802;10305827;12158804;30448434;8064105;10774607;12693646;31532357;Trøndelag;NO3
Rennebu;5022;0;1306;0;141;1714;8 %;-0,01;-0,011;-0,04;-0,022;2561893;3293892;3750497;9606282;2587881;3329363;3907743;9824987;Trøndelag;NO3
Røros;5025;1715;2972;0,58;1818;2791;65 %;-0,048;-0,029;-0,052;-0,043;5208600;6705033;7934016;19847649;5471318;6904546;8372342;20748206;Trøndelag;NO3
Holtålen;5026;0;1084;0;0;796;0 %;-0,025;-0,03;-0,071;-0,045;1729206;2175276;2486501;6390984;1773854;2243179;2676523;6693556;Trøndelag;NO3
Midtre Gauldal;5027;0;2770;0;0;861;0 %;-0,021;-0,027;-0,047;-0,033;4583531;5837954;6539195;16960679;4681562;6001617;6864234;17547413;Trøndelag;NO3
Melhus;5028;125;7485;0,02;0;416;0 %;-0,007;-0,011;-0,032;-0,018;10977648;13816509;15197536;39991693;11052326;13974896;15703887;40731110;Trøndelag;NO3
Skaun;5029;0;3503;0;0;319;0 %;-0,011;0,003;-0,006;-0,004;5377941;6652008;7476465;19506414;5439644;6629537;7521806;19590987;Trøndelag;NO3
Malvik;5031;140;6254;0,02;0;225;0 %;-0,009;-0,006;-0,03;-0,016;9174327;11183822;12220348;32578497;9257467;11255486;12596748;33109701;Trøndelag;NO3
Selbu;5032;0;1928;0;0;1040;0 %;-0,003;-0,025;-0,049;-0,029;3108690;3902206;4423617;11434513;3117561;4003025;4652828;11773414;Trøndelag;NO3
Tydal;5033;0;444;0;123;1415;9 %;0,002;-0,021;0,018;0,001;1466262;1798671;2250458;5515391;1462897;1836803;2211279;5510980;Trøndelag;NO3
Meråker;5034;0;1301;0;114;1060;11 %;-0,017;-0,025;-0,028;-0,024;2135162;2685638;3148525;7969325;2172126;2755014;3238481;8165621;Trøndelag;NO3
Stjørdal;5035;225;10904;0,02;0;542;0 %;0,005;-0,004;-0,018;-0,007;13761528;17061252;19059043;49881823;13691076;17123437;19407770;50222283;Trøndelag;NO3
Frosta;5036;0;1265;0;0;616;0 %;-0,014;0,008;-0,02;-0,009;1908903;2346569;2637329;6892801;1936608;2327895;2692132;6956634;Trøndelag;NO3
Levanger;5037;202;9137;0,02;125;1720;7 %;-0,026;0,003;-0,015;-0,012;11745771;14667151;16646312;43059234;12055092;14626760;16906448;43588299;Trøndelag;NO3
Verdal;5038;147;7006;0,02;125;915;14 %;-0,022;-0,01;-0,014;-0,014;8589571;10797610;12367230;31754412;8779528;10901244;12537096;32217868;Trøndelag;NO3
Snåsa;5041;0;912;0;0;98;0 %;-0,005;0,026;-0,022;-0,001;1091268;1405930;1579810;4077008;1096703;1370296;1614876;4081875;Trøndelag;NO3
Lierne;5042;0;681;0;0;512;0 %;0,002;0,055;-0,03;0,007;1043717;1364685;1560425;3968827;1041239;1293335;1608538;3943112;Trøndelag;NO3
Røyrvik;5043;0;246;0;0;144;0 %;-0,01;0,058;-0,062;-0,008;353099;482403;523522;1359023;356563;456080;558020;1370663;Trøndelag;NO3
Namsskogan;5044;0;495;0;0;163;0 %;0,015;0,069;-0,019;0,019;666098;887326;969198;2522622;656334;830328;988176;2474838;Trøndelag;NO3
Grong;5045;0;1183;0;0;294;0 %;-0,015;0,024;-0,032;-0,008;1591448;2129916;2366186;6087550;1616021;2079772;2443909;6139702;Trøndelag;NO3
Høylandet;5046;0;537;0;0;55;0 %;-0,009;0,021;-0,022;-0,004;750682;964098;1088683;2803463;757615;944008;1113557;2815181;Trøndelag;NO3
Overhalla;5047;0;1593;0;0;33;0 %;-0,001;0,019;-0,023;-0,003;2220758;2859944;3185811;8266513;2223655;2806822;3260101;8290579;Trøndelag;NO3
Flatanger;5049;0;626;0;0;580;0 %;-0,023;0,039;-0,034;-0,007;799416;1014059;1101148;2914622;818062;975742;1140475;2934278;Trøndelag;NO3
Leka;5052;0;349;0;0;147;0 %;-0,016;0,059;-0,047;-0,003;431769;552198;586452;1570419;438836;521640;615115;1575591;Trøndelag;NO3
Inderøy;5053;0;2996;0;0;729;0 %;-0,012;0,036;0,011;0,013;4258600;5379417;6137111;15775129;4308198;5193269;6068295;15569762;Trøndelag;NO3
Indre Fosen;5054;0;4874;0;0;1175;0 %;-0,001;0,012;-0,014;-0,001;6715200;8280219;9411849;24407267;6721255;8178421;9543800;24443476;Trøndelag;NO3
Heim;5055;0;3174;0;0;1323;0 %;-0,027;0,003;-0,001;-0,007;4341719;5343940;6177740;15863398;4464016;5329180;6184164;15977361;Trøndelag;NO3
Hitra;5056;0;2939;0;0;2060;0 %;-0,03;0,018;0,003;-0,001;4555596;5508055;6171536;16235187;4695177;5408409;6150326;16253912;Trøndelag;NO3
Ørland;5057;0;5420;0;0;960;0 %;-0,024;0,014;-0,024;-0,011;7438108;9241933;10186817;26866858;7618816;9114580;10432270;27165666;Trøndelag;NO3
Åfjord;5058;0;2258;0;0;1462;0 %;-0,002;0,021;0,029;0,018;3458771;4248609;4920857;12628237;3464241;4160773;4782176;12407190;Trøndelag;NO3
Orkland;5059;195;9120;0,02;157;2841;6 %;-0,025;0,006;0,01;-0,001;13078968;16749681;19541593;49370242;13413105;16657752;19354584;49425441;Trøndelag;NO3
Nærøysund;5060;107;5033;0,02;0;918;0 %;-0,015;0,042;-0,039;-0,006;6093013;7786193;8370920;22250126;6186043;7473246;8714827;22374116;Trøndelag;NO3
Rindal;5061;0;857;0;0;487;0 %;-0,021;-0,005;0,001;-0,007;1484981;1903213;2248721;5636915;1517258;1912343;2245938;5675539;Trøndelag;NO3
Tromsø;5501;0;39158;0;0;1487;0 %;0,019;0,089;-0,013;0,03;57087386;71511670;76977912;205576969;56009490;65661933;77985680;199657104;Troms;NO4
Harstad;5503;0;12524;0;0;787;0 %;-0,011;0,11;-0,021;0,024;19456341;25407058;27016427;71879825;19677573;22887222;27607046;70171841;Troms;NO4
Kvæfjord;5510;0;1370;0;0;267;0 %;-0,016;0,105;-0,024;0,02;2470174;3230869;3460982;9162024;2510236;2923311;3546505;8980053;Troms;NO4
Tjeldsund;5512;0;2334;0;0;879;0 %;-0,02;0,119;-0,031;0,02;4258204;5659366;6065905;15983475;4346767;5058261;6262353;15667381;Troms;NO4
Ibestad;5514;0;927;0;0;264;0 %;-0,018;0,083;-0,057;-0,001;1419619;1862329;2022225;5304173;1446067;1720314;2144994;5311376;Troms;NO4
Gratangen;5516;0;657;0;0;213;0 %;0,019;0,133;-0,032;0,035;1085518;1433220;1522348;4041085;1065027;1265103;1573196;3903326;Troms;NO4
Lavangen;5518;0;529;0;0;154;0 %;0,038;0,159;-0,006;0,059;914866;1205536;1295249;3415651;881675;1040535;1303080;3225290;Troms;NO4
Bardu;5520;0;1918;0;0;442;0 %;0,011;0,158;0,008;0,058;3352975;4595332;4922308;12870615;3315127;3969899;4884269;12169295;Troms;NO4
Salangen;5522;0;1112;0;0;275;0 %;0,006;0,139;-0,019;0,039;1880520;2546115;2729025;7155660;1870140;2235629;2782445;6888214;Troms;NO4
Målselv;5524;0;3464;0;0;719;0 %;0,007;0,153;0,003;0,053;6476372;8772418;9485549;24734338;6432888;7607866;9457131;23497885;Troms;NO4
Sørreisa;5526;0;1720;0;0;142;0 %;0,009;0,129;-0,01;0,04;2602620;3437042;3712699;9752361;2580476;3045320;3748899;9374695;Troms;NO4
Dyrøy;5528;0;640;0;0;316;0 %;0,015;0,119;-0,034;0,029;1097489;1418038;1521219;4036745;1080865;1266794;1574291;3921950;Troms;NO4
Senja;5530;0;7697;0;0;1664;0 %;0,014;0,116;-0,017;0,035;13440803;17480190;19041913;49962906;13257018;15658631;19364773;48280422;Troms;NO4
Balsfjord;5532;0;3033;0;0;1139;0 %;0,029;0,131;0,006;0,053;5653005;7356290;8050866;21060160;5494506;6502203;8001170;19997880;Troms;NO4
Karlsøy;5534;0;1245;0;0;922;0 %;0,022;0,093;-0,008;0,033;2750343;3438356;3796029;9984728;2690872;3146929;3826693;9664494;Troms;NO4
Lyngen;5536;0;1469;0;0;455;0 %;0,014;0,116;-0,003;0,04;2799500;3617204;4055074;10471778;2759892;3242206;4069302;10071401;Troms;NO4
Storfjord;5538;0;956;0;0;324;0 %;0,012;0,163;0,015;0,061;1707185;2254551;2463643;6425379;1687534;1938517;2428071;6054123;Troms;NO4
Kåfjord;5540;0;1041;0;0;246;0 %;0,018;0,131;-0,006;0,044;1660213;2149639;2363696;6173548;1631426;1901049;2378870;5911344;Troms;NO4
Skjervøy;5542;0;1298;0;0;355;0 %;0,018;0,093;-0,008;0,032;2371911;2969100;3324091;8665102;2330378;2715350;3351692;8397419;Troms;NO4
Nordreisa;5544;0;2384;0;0;498;0 %;0,025;0,153;0,001;0,056;4151996;5414407;5914228;15480632;4051068;4695186;5910674;14656928;Troms;NO4
Kvænangen;5546;0;766;0;0;403;0 %;0,064;0,174;0,037;0,088;1486978;1903341;2122774;5513093;1398192;1620987;2046501;5065680;Troms;NO4
Alta;5601;0;9465;0;0;1239;0 %;0,005;0,158;0,015;0,058;19027785;25274172;27558107;71860064;18939756;21822353;27138973;67901082;Finnmark;NO4
Hammerfest;5603;0;4935;0;0;1211;0 %;0,008;0,085;-0,041;0,013;10110424;12500938;13793494;36404856;10035070;11517493;14376375;35928938;Finnmark;NO4
Sør-Varanger;5605;0;4937;0;0;1040;0 %;-0,013;0,142;0,011;0,047;9290083;13277332;14958256;37525671;9411053;11628782;14789565;35829400;Finnmark;NO4
Vadsø;5607;0;3014;0;0;154;0 %;0,002;0,096;0,007;0,035;5605345;7542083;8538253;21685681;5592709;6880858;8480382;20953949;Finnmark;NO4
Karasjok;5610;0;1108;0;0;52;0 %;-0,059;0,139;0,03;0,042;2013827;2970236;3363570;8347634;2140679;2607173;3265893;8013746;Finnmark;NO4
Kautokeino;5612;0;1284;0;0;274;0 %;-0,036;0,213;0,051;0,08;2504471;3740656;4071876;10317003;2598948;3082690;3873240;9554878;Finnmark;NO4
Loppa;5614;0;574;0;0;272;0 %;0,004;0,104;-0,022;0,026;974656;1235191;1368262;3578109;971174;1118439;1399150;3488763;Finnmark;NO4
Hasvik;5616;0;534;0;0;50;0 %;0,007;0,095;-0,019;0,025;901472;1104795;1204127;3210394;895073;1008551;1227089;3130713;Finnmark;NO4
Måsøy;5618;0;590;0;0;205;0 %;0,012;0,063;-0,021;0,015;1056711;1288635;1463412;3808758;1044498;1212411;1495345;3752253;Finnmark;NO4
Nordkapp;5620;0;1562;0;0;162;0 %;0,002;0,059;-0,023;0,01;2673542;3321703;3747223;9742469;2669463;3137737;3836918;9644119;Finnmark;NO4
Porsanger;5622;0;1670;0;0;401;0 %;-0,018;0,152;0,011;0,048;3932093;5297725;5882761;15112579;4002483;4597845;5816038;14416366;Finnmark;NO4
Lebesby;5624;0;625;0;0;255;0 %;0,003;0,086;0,009;0,032;1168672;1461808;1681615;4312095;1164652;1345619;1667233;4177504;Finnmark;NO4
Gamvik;5626;0;521;0;0;76;0 %;-0,031;0,048;-0,038;-0,009;891037;1110946;1268233;3270215;919757;1060336;1318260;3298352;Finnmark;NO4
Tana;5628;0;1542;0;0;368;0 %;0,001;0,18;0,05;0,078;3023579;4203764;4875594;12102938;3020941;3562905;4645457;11229303;Finnmark;NO4
Berlevåg;5630;0;562;0;0;55;0 %;-0,006;0,113;-0,014;0,029;891997;1185226;1321173;3398397;897065;1064867;1339703;3301634;Finnmark;NO4
Båtsfjord;5632;0;1004;0;0;145;0 %;-0,003;0,093;0,005;0,032;1867244;2426755;2723450;7017449;1872838;2219848;2710193;6802879;Finnmark;NO4
Vardø;5634;0;1255;0;0;92;0 %;-0,029;0,087;-0,011;0,016;2402075;3171162;3501722;9074960;2473494;2918424;3541173;8933091;Finnmark;NO4
Nesseby;5636;0;493;0;0;113;0 %;-0,001;0,132;0,022;0,052;892182;1257914;1458948;3609044;892841;1111335;1427054;3431230;Finnmark;NO4
